Timp,ID_Legatura,FortaModul_N,FortaX_N,FortaY_N,Moment_Nm
0.0060,0,44.3485,-18.8669,-40.1352,0.0000
0.0060,1,196.1991,0.0000,-196.1991,392.3976
0.0300,0,44.3343,-18.8656,-40.1201,0.0000
0.0300,1,196.1994,0.0000,-196.1994,392.3985
0.0440,0,44.3235,-18.8593,-40.1111,0.0000
0.0440,1,196.1994,0.0000,-196.1994,392.3985
0.0720,0,44.3150,-18.8667,-40.0982,0.0000
0.0720,1,196.1994,0.0000,-196.1994,392.3985
0.1040,0,44.3029,-18.8694,-40.0836,0.0000
0.1040,1,196.1994,0.0000,-196.1994,392.3985
0.1380,0,44.2886,-18.8707,-40.0671,0.0000
0.1380,1,196.1994,0.0000,-196.1994,392.3985
0.1720,0,44.2777,-18.8657,-40.0574,0.0000
0.1720,1,196.1994,0.0000,-196.1994,392.3986
0.2040,0,44.2838,-18.8609,-40.0665,0.0000
0.2040,1,196.1994,0.0000,-196.1994,392.3986
0.2380,0,44.2559,-18.8373,-40.0468,0.0000
0.2380,1,196.2001,0.0001,-196.2001,392.4002
0.2700,0,44.2688,-18.8220,-40.0681,0.0000
0.2700,1,196.1996,0.0000,-196.1996,392.3990
0.3040,0,44.2862,-18.8358,-40.0809,0.0000
0.3040,1,196.1996,0.0000,-196.1996,392.3990
0.3360,0,44.2977,-18.8406,-40.0914,0.0000
0.3360,1,196.1996,0.0000,-196.1996,392.3990
0.3700,0,44.3067,-18.8444,-40.0996,0.0000
0.3700,1,196.1996,0.0000,-196.1996,392.3990
0.4040,0,44.3133,-18.8472,-40.1056,0.0000
0.4040,1,196.1996,0.0000,-196.1996,392.3990
0.4360,0,44.3191,-18.8496,-40.1108,0.0000
0.4360,1,196.1996,0.0000,-196.1996,392.3990
0.4700,0,44.3226,-18.8510,-40.1139,0.0000
0.4700,1,196.1996,0.0000,-196.1996,392.3990
0.5020,0,44.3251,-18.8521,-40.1163,0.0000
0.5020,1,196.1996,0.0000,-196.1996,392.3990
0.5360,0,44.3280,-18.8533,-40.1189,0.0000
0.5360,1,196.1996,0.0000,-196.1996,392.3990
0.5700,0,44.3301,-18.8542,-40.1208,0.0000
0.5700,1,196.1996,0.0000,-196.1996,392.3990
0.6040,0,44.3301,-18.8542,-40.1208,0.0000
0.6040,1,196.1996,0.0000,-196.1996,392.3989
0.6360,0,44.3301,-18.8542,-40.1208,0.0000
0.6360,1,196.1996,0.0000,-196.1996,392.3990
0.6700,0,44.3301,-18.8542,-40.1208,0.0000
0.6700,1,196.1996,0.0000,-196.1996,392.3990
0.7080,0,44.3301,-18.8542,-40.1208,0.0000
0.7080,1,196.1996,0.0000,-196.1996,392.3990
0.7420,0,44.3301,-18.8542,-40.1208,0.0000
0.7420,1,196.1996,0.0000,-196.1996,392.3989
0.7700,0,44.3301,-18.8542,-40.1208,0.0000
0.7700,1,196.1996,0.0000,-196.1996,392.3989
0.8060,0,44.3301,-18.8542,-40.1208,0.0000
0.8060,1,196.1996,0.0000,-196.1996,392.3989
0.8380,0,44.3301,-18.8542,-40.1208,0.0000
0.8380,1,196.1996,0.0000,-196.1996,392.3990
0.8700,0,44.3301,-18.8542,-40.1208,0.0000
0.8700,1,196.1996,0.0000,-196.1996,392.3990
0.9060,0,44.3301,-18.8542,-40.1208,0.0000
0.9060,1,196.1996,0.0000,-196.1996,392.3990
0.9380,0,44.3301,-18.8542,-40.1208,0.0000
0.9380,1,196.1996,0.0000,-196.1996,392.3990
0.9700,0,44.3301,-18.8542,-40.1208,0.0000
0.9700,1,196.1996,0.0000,-196.1996,392.3990
1.0060,0,44.3301,-18.8542,-40.1208,0.0000
1.0060,1,196.1996,0.0000,-196.1996,392.3990
1.0380,0,44.3301,-18.8542,-40.1208,0.0000
1.0380,1,196.1996,0.0000,-196.1996,392.3990
1.0720,0,44.3301,-18.8542,-40.1208,0.0000
1.0720,1,196.1996,0.0000,-196.1996,392.3989
1.1060,0,44.3301,-18.8542,-40.1208,0.0000
1.1060,1,196.1996,0.0000,-196.1996,392.3990
1.1400,0,44.3301,-18.8542,-40.1208,0.0000
1.1400,1,196.1996,0.0000,-196.1996,392.3990
1.1700,0,44.3301,-18.8542,-40.1208,0.0000
1.1700,1,196.1996,0.0000,-196.1996,392.3990
1.2040,0,44.3301,-18.8542,-40.1208,0.0000
1.2040,1,196.1996,0.0000,-196.1996,392.3990
1.2380,0,44.3301,-18.8542,-40.1208,0.0000
1.2380,1,196.1996,0.0000,-196.1996,392.3990
1.2720,0,44.3301,-18.8542,-40.1208,0.0000
1.2720,1,196.1996,0.0000,-196.1996,392.3990
1.3020,0,44.3301,-18.8542,-40.1208,0.0000
1.3020,1,196.1996,0.0000,-196.1996,392.3990
1.3360,0,44.3301,-18.8542,-40.1208,0.0000
1.3360,1,196.1996,0.0000,-196.1996,392.3990
1.3700,0,44.3301,-18.8542,-40.1208,0.0000
1.3700,1,196.1996,0.0000,-196.1996,392.3990
1.4040,0,44.3301,-18.8542,-40.1208,0.0000
1.4040,1,196.1996,0.0000,-196.1996,392.3990
1.4360,0,44.3301,-18.8542,-40.1208,0.0000
1.4360,1,196.1996,0.0000,-196.1996,392.3990
1.4700,0,44.3301,-18.8542,-40.1208,0.0000
1.4700,1,196.1996,0.0000,-196.1996,392.3990
1.5040,0,44.3301,-18.8542,-40.1208,0.0000
1.5040,1,196.1996,0.0000,-196.1996,392.3990
1.5380,0,44.3301,-18.8542,-40.1208,0.0000
1.5380,1,196.1996,0.0000,-196.1996,392.3990
1.5700,0,44.3301,-18.8542,-40.1208,0.0000
1.5700,1,196.1996,0.0000,-196.1996,392.3990
1.6060,0,44.3301,-18.8542,-40.1208,0.0000
1.6060,1,196.1996,0.0000,-196.1996,392.3990
1.6380,0,44.3301,-18.8542,-40.1208,0.0000
1.6380,1,196.1996,0.0000,-196.1996,392.3990
1.6740,0,44.3301,-18.8542,-40.1208,0.0000
1.6740,1,196.1996,0.0000,-196.1996,392.3990
1.7080,0,44.3301,-18.8542,-40.1208,0.0000
1.7080,1,196.1996,0.0000,-196.1996,392.3990
1.7400,0,44.3301,-18.8542,-40.1208,0.0000
1.7400,1,196.1996,0.0000,-196.1996,392.3990
1.7700,0,44.3301,-18.8542,-40.1208,0.0000
1.7700,1,196.1996,0.0000,-196.1996,392.3990
1.8040,0,44.3301,-18.8542,-40.1208,0.0000
1.8040,1,196.1996,0.0000,-196.1996,392.3989
1.8100,0,44.3301,-18.8542,-40.1208,0.0000
1.8100,1,196.1996,0.0000,-196.1996,392.3989
1.8380,0,44.3301,-18.8542,-40.1208,0.0000
1.8380,1,196.1996,0.0000,-196.1996,392.3990
1.8440,0,44.3301,-18.8542,-40.1208,0.0000
1.8440,1,196.1996,0.0000,-196.1996,392.3990
1.8680,0,44.3301,-18.8542,-40.1208,0.0000
1.8680,1,196.1996,0.0000,-196.1996,392.3990
1.8740,0,44.3301,-18.8542,-40.1208,0.0000
1.8740,1,196.1996,0.0000,-196.1996,392.3989
1.9020,0,44.3301,-18.8542,-40.1208,0.0000
1.9020,1,196.1996,0.0000,-196.1996,392.3990
1.9360,0,44.3301,-18.8542,-40.1208,0.0000
1.9360,1,196.1996,0.0000,-196.1996,392.3989
1.9680,0,44.3301,-18.8542,-40.1208,0.0000
1.9680,1,196.1996,0.0000,-196.1996,392.3990
2.0040,0,44.3301,-18.8542,-40.1208,0.0000
2.0040,1,196.1996,0.0000,-196.1996,392.3990
2.0380,0,44.3301,-18.8542,-40.1208,0.0000
2.0380,1,196.1996,0.0000,-196.1996,392.3990
2.0700,0,44.3301,-18.8542,-40.1208,0.0000
2.0700,1,196.1996,0.0000,-196.1996,392.3990
2.1040,0,44.3301,-18.8542,-40.1208,0.0000
2.1040,1,196.1996,0.0000,-196.1996,392.3989
2.1380,0,44.3302,-18.8542,-40.1208,0.0000
2.1380,1,196.1996,0.0000,-196.1996,392.3990
2.1700,0,44.3301,-18.8542,-40.1208,0.0000
2.1700,1,196.1996,0.0000,-196.1996,392.3989
2.2020,0,44.3301,-18.8542,-40.1208,0.0000
2.2020,1,196.1996,0.0000,-196.1996,392.3990
2.2380,0,44.3301,-18.8542,-40.1208,0.0000
2.2380,1,196.1996,0.0000,-196.1996,392.3990
2.2700,0,44.3301,-18.8542,-40.1208,0.0000
2.2700,1,196.1996,0.0000,-196.1996,392.3990
2.3020,0,44.3301,-18.8542,-40.1208,0.0000
2.3020,1,196.1996,0.0000,-196.1996,392.3990
2.3360,0,44.3301,-18.8542,-40.1208,0.0000
2.3360,1,196.1996,0.0000,-196.1996,392.3990
2.3680,0,44.3301,-18.8542,-40.1208,0.0000
2.3680,1,196.1996,0.0000,-196.1996,392.3990
2.4040,0,44.3301,-18.8542,-40.1208,0.0000
2.4040,1,196.1996,0.0000,-196.1996,392.3990
2.4420,0,44.3301,-18.8542,-40.1208,0.0000
2.4420,1,196.1996,0.0000,-196.1996,392.3990
2.4740,0,44.3301,-18.8542,-40.1208,0.0000
2.4740,1,196.1996,0.0000,-196.1996,392.3990
2.5040,0,44.3301,-18.8542,-40.1208,0.0000
2.5040,1,196.1996,0.0000,-196.1996,392.3990
2.5380,0,44.3301,-18.8542,-40.1208,0.0000
2.5380,1,196.1996,0.0000,-196.1996,392.3989
2.5700,0,44.3301,-18.8542,-40.1208,0.0000
2.5700,1,196.1996,0.0000,-196.1996,392.3990
2.6060,0,44.3301,-18.8542,-40.1208,0.0000
2.6060,1,196.1996,0.0000,-196.1996,392.3990
2.6380,0,44.3302,-18.8542,-40.1208,0.0000
2.6380,1,196.1996,0.0000,-196.1996,392.3990
2.6720,0,44.3301,-18.8542,-40.1208,0.0000
2.6720,1,196.1996,0.0000,-196.1996,392.3990
2.7040,0,44.3302,-18.8542,-40.1208,0.0000
2.7040,1,196.1996,0.0000,-196.1996,392.3990
2.7380,0,44.3302,-18.8542,-40.1208,0.0000
2.7380,1,196.1996,0.0000,-196.1996,392.3990
2.7720,0,44.3302,-18.8542,-40.1208,0.0000
2.7720,1,196.1996,0.0000,-196.1996,392.3990
2.8060,0,44.3301,-18.8542,-40.1208,0.0000
2.8060,1,196.1996,0.0000,-196.1996,392.3990
2.8400,0,44.3302,-18.8542,-40.1208,0.0000
2.8400,1,196.1996,0.0000,-196.1996,392.3989
2.8760,0,44.3301,-18.8542,-40.1208,0.0000
2.8760,1,196.1996,0.0000,-196.1996,392.3990
2.9060,0,44.3301,-18.8542,-40.1208,0.0000
2.9060,1,196.1996,0.0000,-196.1996,392.3990
2.9360,0,44.3301,-18.8542,-40.1208,0.0000
2.9360,1,196.1996,0.0000,-196.1996,392.3990
2.9360,0,44.3301,-18.8542,-40.1208,0.0000
2.9360,1,196.1996,0.0000,-196.1996,392.3990
3.0380,0,44.3302,-18.8542,-40.1208,0.0000
3.0380,1,196.1996,0.0000,-196.1996,392.3990
3.0520,0,44.3301,-18.8542,-40.1208,0.0000
3.0520,1,196.1996,0.0000,-196.1996,392.3989
3.0620,0,44.3301,-18.8542,-40.1208,0.0000
3.0620,1,196.1996,0.0000,-196.1996,392.3990
3.0980,0,44.3301,-18.8542,-40.1208,0.0000
3.0980,1,196.1996,0.0000,-196.1996,392.3990
3.1280,0,44.3301,-18.8542,-40.1208,0.0000
3.1280,1,196.1996,0.0000,-196.1996,392.3990
3.1620,0,44.3301,-18.8542,-40.1208,0.0000
3.1620,1,196.1996,0.0000,-196.1996,392.3989
3.2000,0,44.3301,-18.8542,-40.1208,0.0000
3.2000,1,196.1996,0.0000,-196.1996,392.3990
3.2320,0,44.3301,-18.8542,-40.1208,0.0000
3.2320,1,196.1996,0.0000,-196.1996,392.3990
3.2640,0,44.3301,-18.8542,-40.1208,0.0000
3.2640,1,196.1996,0.0000,-196.1996,392.3990
3.2960,0,44.3301,-18.8542,-40.1208,0.0000
3.2960,1,196.1996,0.0000,-196.1996,392.3990
3.3300,0,44.3302,-18.8542,-40.1208,0.0000
3.3300,1,196.1996,0.0000,-196.1996,392.3989
3.3640,0,44.3301,-18.8542,-40.1208,0.0000
3.3640,1,196.1996,0.0000,-196.1996,392.3990
3.3960,0,44.3301,-18.8542,-40.1208,0.0000
3.3960,1,196.1996,0.0000,-196.1996,392.3990
3.4300,0,44.3302,-18.8542,-40.1208,0.0000
3.4300,1,196.1996,0.0000,-196.1996,392.3990
3.4640,0,44.3301,-18.8542,-40.1208,0.0000
3.4640,1,196.1996,0.0000,-196.1996,392.3990
3.5000,0,44.3302,-18.8542,-40.1208,0.0000
3.5000,1,196.1996,0.0000,-196.1996,392.3990
3.5280,0,44.3302,-18.8542,-40.1208,0.0000
3.5280,1,196.1996,0.0000,-196.1996,392.3989
3.5680,0,44.3302,-18.8542,-40.1208,0.0000
3.5680,1,196.1996,0.0000,-196.1996,392.3990
3.6140,0,44.3301,-18.8542,-40.1208,0.0000
3.6140,1,196.1996,0.0000,-196.1996,392.3990
3.6980,0,44.3302,-18.8542,-40.1208,0.0000
3.6980,1,196.1996,0.0000,-196.1996,392.3990
3.7300,0,44.3302,-18.8542,-40.1208,0.0000
3.7300,1,196.1996,0.0000,-196.1996,392.3990
3.7620,0,44.3302,-18.8542,-40.1208,0.0000
3.7620,1,196.1996,0.0000,-196.1996,392.3990
3.7960,0,44.3301,-18.8542,-40.1208,0.0000
3.7960,1,196.1996,0.0000,-196.1996,392.3990
3.8280,0,44.3301,-18.8542,-40.1208,0.0000
3.8280,1,196.1996,0.0000,-196.1996,392.3990
3.8620,0,44.3301,-18.8542,-40.1208,0.0000
3.8620,1,196.1996,0.0000,-196.1996,392.3990
3.8960,0,44.3301,-18.8542,-40.1208,0.0000
3.8960,1,196.1996,0.0000,-196.1996,392.3990
3.9340,0,44.3301,-18.8542,-40.1208,0.0000
3.9340,1,196.1996,0.0000,-196.1996,392.3990
3.9660,0,44.3302,-18.8542,-40.1208,0.0000
3.9660,1,196.1996,0.0000,-196.1996,392.3990
4.0000,0,44.3301,-18.8542,-40.1208,0.0000
4.0000,1,196.1996,0.0000,-196.1996,392.3990
4.0280,0,44.3301,-18.8542,-40.1208,0.0000
4.0280,1,196.1996,0.0000,-196.1996,392.3990
4.0620,0,44.3301,-18.8542,-40.1208,0.0000
4.0620,1,196.1996,0.0000,-196.1996,392.3989
4.1000,0,44.3302,-18.8542,-40.1208,0.0000
4.1000,1,196.1996,0.0000,-196.1996,392.3990
4.1340,0,44.3302,-18.8542,-40.1208,0.0000
4.1340,1,196.1996,0.0000,-196.1996,392.3990
4.1640,0,44.3302,-18.8542,-40.1208,0.0000
4.1640,1,196.1996,0.0000,-196.1996,392.3990
4.2020,0,44.3302,-18.8542,-40.1208,0.0000
4.2020,1,196.1996,0.0000,-196.1996,392.3990
4.2300,0,44.3302,-18.8542,-40.1208,0.0000
4.2300,1,196.1996,0.0000,-196.1996,392.3990
4.2640,0,44.3302,-18.8542,-40.1208,0.0000
4.2640,1,196.1996,0.0000,-196.1996,392.3989
4.2960,0,44.3302,-18.8542,-40.1208,0.0000
4.2960,1,196.1996,0.0000,-196.1996,392.3990
4.3280,0,44.3302,-18.8542,-40.1208,0.0000
4.3280,1,196.1996,0.0000,-196.1996,392.3990
4.3620,0,44.3301,-18.8542,-40.1208,0.0000
4.3620,1,196.1996,0.0000,-196.1996,392.3989
4.3960,0,44.3301,-18.8542,-40.1208,0.0000
4.3960,1,196.1996,0.0000,-196.1996,392.3990
4.4300,0,44.3301,-18.8542,-40.1208,0.0000
4.4300,1,196.1996,0.0000,-196.1996,392.3989
4.4620,0,44.3302,-18.8542,-40.1208,0.0000
4.4620,1,196.1996,0.0000,-196.1996,392.3990
4.4960,0,44.3301,-18.8542,-40.1208,0.0000
4.4960,1,196.1996,0.0000,-196.1996,392.3990
4.5280,0,44.3301,-18.8542,-40.1208,0.0000
4.5280,1,196.1996,0.0000,-196.1996,392.3990
4.5620,0,44.3302,-18.8542,-40.1208,0.0000
4.5620,1,196.1996,0.0000,-196.1996,392.3990
4.5980,0,44.3301,-18.8542,-40.1208,0.0000
4.5980,1,196.1996,0.0000,-196.1996,392.3990
4.6300,0,44.3302,-18.8542,-40.1208,0.0000
4.6300,1,196.1996,0.0000,-196.1996,392.3989
4.6620,0,44.3302,-18.8542,-40.1208,0.0000
4.6620,1,196.1996,0.0000,-196.1996,392.3990
4.6940,0,44.3301,-18.8542,-40.1208,0.0000
4.6940,1,196.1996,0.0000,-196.1996,392.3989
4.7280,0,44.3301,-18.8542,-40.1208,0.0000
4.7280,1,196.1996,0.0000,-196.1996,392.3990
4.7620,0,44.3302,-18.8542,-40.1208,0.0000
4.7620,1,196.1996,0.0000,-196.1996,392.3990
4.7960,0,44.3301,-18.8542,-40.1208,0.0000
4.7960,1,196.1996,0.0000,-196.1996,392.3990
4.8280,0,44.3302,-18.8542,-40.1208,0.0000
4.8280,1,196.1996,0.0000,-196.1996,392.3990
4.8620,0,44.3302,-18.8542,-40.1208,0.0000
4.8620,1,196.1996,0.0000,-196.1996,392.3990
4.8980,0,44.3302,-18.8542,-40.1208,0.0000
4.8980,1,196.1996,0.0000,-196.1996,392.3990
4.9300,0,44.3302,-18.8542,-40.1208,0.0000
4.9300,1,196.1996,0.0000,-196.1996,392.3990
4.9600,0,44.3302,-18.8542,-40.1208,0.0000
4.9600,1,196.1996,0.0000,-196.1996,392.3990
5.0000,0,44.3302,-18.8542,-40.1208,0.0000
5.0000,1,196.1996,0.0000,-196.1996,392.3990
5.0280,0,44.3302,-18.8542,-40.1208,0.0000
5.0280,1,196.1996,0.0000,-196.1996,392.3990
5.0620,0,44.3302,-18.8542,-40.1208,0.0000
5.0620,1,196.1996,0.0000,-196.1996,392.3990
5.0960,0,44.3302,-18.8542,-40.1208,0.0000
5.0960,1,196.1996,0.0000,-196.1996,392.3990
5.1280,0,44.3302,-18.8542,-40.1208,0.0000
5.1280,1,196.1996,0.0000,-196.1996,392.3990
5.1620,0,44.3302,-18.8542,-40.1208,0.0000
5.1620,1,196.1996,0.0000,-196.1996,392.3990
5.1980,0,44.2051,-18.8337,-39.9923,0.0000
5.1980,1,14142.1357,10000.0000,-10000.0000,10000.0000
5.2280,0,43.9766,-18.6563,-39.8231,0.0000
5.2280,1,4103.7295,-41.2669,-4103.5220,10000.0000
5.2660,0,43.6231,-18.3522,-39.5749,0.0000
5.2660,1,3716.8770,94.2145,-3715.6829,10000.0000
5.2980,0,43.2471,-17.9738,-39.3351,0.0000
5.2980,1,105.4574,-59.1129,87.3323,-181.7077
5.3300,0,42.8084,-17.4785,-39.0776,0.0000
5.3300,1,99.3967,-57.3300,81.1971,-170.9969
5.3600,0,42.3374,-16.9144,-38.8118,0.0000
5.3600,1,91.7499,-55.6188,72.9698,-154.1712
5.3980,0,41.6603,-16.0520,-38.4437,0.0000
5.3980,1,82.5731,-53.5156,62.8840,-133.5529
5.4280,0,41.0751,-15.2640,-38.1336,0.0000
5.4280,1,75.7811,-51.9334,55.1879,-117.8326
5.4620,0,40.3683,-14.2550,-37.7676,0.0000
5.4620,1,68.5940,-50.1780,46.7687,-100.6334
5.4940,0,39.6566,-13.1804,-37.4022,0.0000
5.4940,1,62.3391,-48.5721,39.0757,-84.9284
5.5280,0,38.8764,-11.9200,-37.0039,0.0000
5.5280,1,56.3545,-46.9343,31.1930,-68.8356
5.5600,0,38.1268,-10.6205,-36.6177,0.0000
5.5600,1,51.3802,-45.4335,23.9943,-54.1474
5.5940,0,37.3269,-9.1169,-36.1964,0.0000
5.5940,1,46.9258,-43.8902,16.6036,-39.0779
5.6280,0,36.5514,-7.4878,-35.7762,0.0000
5.6280,1,43.4681,-42.4255,9.4634,-24.5197
5.6600,0,35.8598,-5.8505,-35.3793,0.0000
5.6600,1,41.1690,-41.0620,2.9665,-11.2752
5.6940,0,35.1840,-3.9734,-34.9589,0.0000
5.6940,1,39.8613,-39.6877,-3.7162,2.3394
5.7320,0,34.5431,-1.7489,-34.4988,0.0000
5.7320,1,39.7142,-38.1837,-10.9190,17.0069
5.7620,0,34.1518,0.1177,-34.1516,0.0000
5.7620,1,40.5121,-37.0340,-16.4231,28.2168
5.8000,0,33.8284,2.6417,-33.7251,0.0000
5.8000,1,42.5159,-35.6611,-23.1493,41.9052
5.8300,0,33.7475,4.7170,-33.4162,0.0000
5.8300,1,44.6818,-34.5855,-28.2897,52.3656
5.8620,0,33.8435,7.0464,-33.1019,0.0000
5.8620,1,47.4313,-33.4836,-33.5943,63.1599
5.8960,0,34.1946,9.6292,-32.8108,0.0000
5.8960,1,50.7152,-32.3582,-39.0510,74.2515
5.9300,0,34.8168,12.3541,-32.5513,0.0000
5.9300,1,54.2432,-31.2689,-44.3237,84.9748
5.9620,0,35.6675,15.0144,-32.3534,0.0000
5.9620,1,57.7100,-30.2787,-49.1289,94.7383
5.9940,0,36.7812,17.7719,-32.2027,0.0000
5.9940,1,61.2450,-29.3074,-53.7776,104.1904
6.0280,0,38.2535,20.8128,-32.0960,0.0000
6.0280,1,65.0546,-28.3376,-58.5583,113.9006
6.0620,0,40.0322,23.9804,-32.0549,0.0000
6.0620,1,68.8473,-27.3583,-63.1781,123.2821
6.0960,0,42.0952,27.2432,-32.0907,0.0000
6.0960,1,72.6246,-26.4384,-67.6413,132.3463
6.1280,0,44.2934,30.4229,-32.1925,0.0000
6.1280,1,76.1441,-25.6148,-71.7064,140.5942
6.1620,0,46.8791,33.8913,-32.3887,0.0000
6.1620,1,79.8217,-24.7590,-75.8847,149.0725
6.1980,0,49.8971,37.6953,-32.6923,0.0000
6.1980,1,83.6344,-23.8742,-80.1544,157.7423
6.2300,0,52.7838,41.1495,-33.0583,0.0000
6.2300,1,86.9495,-23.1081,-83.8227,165.1804
6.2620,0,55.8801,44.7094,-33.5210,0.0000
6.2620,1,90.1993,-22.3762,-87.3797,172.3952
6.2940,0,37.8786,4.4870,-37.6120,0.0000
6.2940,1,8559.7744,3281.6511,-7905.7266,10000.0000
6.3300,0,38.7775,6.2664,-38.2679,0.0000
6.3300,1,8460.0459,3192.2712,-7834.6528,10000.0000
6.3620,0,36.8054,3.3620,-36.6516,0.0000
6.3620,1,8307.2305,3066.4524,-7720.5537,10000.0000
6.3940,0,37.6359,3.5985,-37.4635,0.0000
6.3940,1,8261.3994,3024.5327,-7687.8423,10000.0000
6.4280,0,37.4193,3.2017,-37.2821,0.0000
6.4280,1,8213.4180,2980.6921,-7653.4766,10000.0000
6.4600,0,37.2416,2.9668,-37.1232,0.0000
6.4600,1,8168.9360,2940.1387,-7621.4893,10000.0000
6.4940,0,37.4053,3.0675,-37.2793,0.0000
6.4940,1,8122.3628,2897.7461,-7587.8750,10000.0000
6.5280,0,37.3609,2.9192,-37.2467,0.0000
6.5280,1,8076.5034,2856.1089,-7554.6372,10000.0000
6.5620,0,37.5318,3.0301,-37.4093,0.0000
6.5620,1,8021.7568,2806.9561,-7514.6245,10000.0000
6.5960,0,37.7252,3.2499,-37.5850,0.0000
6.5960,1,7954.3057,2747.4858,-7464.7368,10000.0000
6.6280,0,37.5249,2.7780,-37.4219,0.0000
6.6280,1,3959.3140,300.2285,-3947.9148,10000.0000
6.6620,0,37.7262,2.9807,-37.6082,0.0000
6.6620,1,3881.6448,264.8484,-3872.5989,10000.0000
6.6940,0,37.8329,3.0338,-37.7111,0.0000
6.6940,1,4616.8960,727.2443,-4559.2593,10000.0000
6.7280,0,37.9324,3.1069,-37.8050,0.0000
6.7280,1,7628.1040,2487.6606,-7211.0688,10000.0000
6.7620,0,37.9735,3.0238,-37.8529,0.0000
6.7620,1,7536.0117,2418.0471,-7137.5430,10000.0000
6.7960,0,37.9836,2.8462,-37.8768,0.0000
6.7960,1,7438.9521,2347.7166,-7058.7700,10000.0000
6.8280,0,37.7718,2.0964,-37.7136,0.0000
6.8280,1,3873.6135,310.8578,-3861.1201,10000.0000
6.8600,0,37.9232,2.3318,-37.8514,0.0000
6.8600,1,5025.9517,979.9084,-4929.5000,10000.0000
6.8940,0,37.6384,1.3364,-37.6146,0.0000
6.8940,1,5010.2153,971.9748,-4915.0303,10000.0000
6.9280,0,37.7099,1.3115,-37.6871,0.0000
6.9280,1,7116.0029,2136.7532,-6787.6196,10000.0000
6.9620,0,37.5272,0.6551,-37.5215,0.0000
6.9620,1,3866.8540,329.6315,-3852.7786,10000.0000
6.9940,0,37.6040,0.6321,-37.5987,0.0000
6.9940,1,6992.2837,2055.0745,-6683.4644,10000.0000
7.0300,0,37.4277,0.0158,-37.4277,0.0000
7.0300,1,1004.0593,66.6322,-1001.8459,2546.6201
7.0620,0,37.5161,0.0158,-37.5161,0.0000
7.0620,1,6869.2520,1975.5089,-6579.0566,10000.0000
7.1000,0,37.5631,-0.0663,-37.5631,0.0000
7.1000,1,6786.8389,1924.9827,-6508.1196,10000.0000
7.1280,0,37.4337,-0.5460,-37.4297,0.0000
7.1280,1,1339.3344,105.3468,-1335.1848,3409.4583
7.1600,0,37.6307,-0.2634,-37.6298,0.0000
7.1600,1,6678.9551,1853.8882,-6416.5054,10000.0000
7.1960,0,37.4758,-0.9143,-37.4646,0.0000
7.1960,1,268.1385,-0.7767,-268.1374,616.4394
7.2280,0,37.5147,-1.0481,-37.5001,0.0000
7.2280,1,4785.5859,860.4417,-4707.5972,10000.0000
7.2680,0,37.5253,-1.2685,-37.5039,0.0000
7.2680,1,6489.6328,1744.0787,-6250.8818,10000.0000
7.2980,0,37.4082,-1.7220,-37.3686,0.0000
7.2980,1,1648.5582,149.9435,-1641.7251,4189.0381
7.3300,0,37.4744,-1.7824,-37.4319,0.0000
7.3300,1,6397.2578,1690.9127,-6169.7427,10000.0000
7.3640,0,37.5215,-1.8417,-37.4763,0.0000
7.3640,1,6339.6191,1658.2985,-6118.8901,10000.0000
7.4000,0,37.6022,-1.8092,-37.5587,0.0000
7.4000,1,6287.6367,1628.4224,-6073.1060,10000.0000
7.4320,0,37.4373,-2.4183,-37.3591,0.0000
7.4320,1,4321.6792,629.3003,-4275.6162,10000.0000
7.4600,0,37.4981,-2.4277,-37.4194,0.0000
7.4600,1,6216.0259,1586.8173,-6010.0742,10000.0000
7.4960,0,37.5286,-2.5518,-37.4418,0.0000
7.4960,1,6165.4062,1558.7122,-5965.1191,10000.0000
7.5280,0,37.4260,-2.9378,-37.3105,0.0000
7.5280,1,1946.4692,199.3711,-1936.2318,4921.2402
7.5620,0,37.4683,-3.0393,-37.3448,0.0000
7.5620,1,4286.9541,619.7484,-4241.9204,10000.0000
7.5980,0,37.4959,-3.1774,-37.3611,0.0000
7.5980,1,6053.2886,1496.1483,-5865.4790,10000.0000
7.6300,0,37.5414,-3.2310,-37.4021,0.0000
7.6300,1,6008.6504,1472.8933,-5825.3296,10000.0000
7.6600,0,37.6302,-3.1491,-37.4982,0.0000
7.6600,1,5973.8994,1453.9884,-5794.2549,10000.0000
7.6980,0,37.5769,-3.5183,-37.4118,0.0000
7.6980,1,5942.0874,1435.3760,-5766.1162,10000.0000
7.7320,0,37.6035,-3.6360,-37.4273,0.0000
7.7320,1,5054.8276,1004.7468,-4953.9648,10000.0000
7.7620,0,37.6161,-3.7720,-37.4265,0.0000
7.7620,1,5037.2310,996.3093,-4937.7188,10000.0000
7.7960,0,37.6288,-3.9304,-37.4229,0.0000
7.7960,1,5824.6758,1375.9446,-5659.8257,10000.0000
7.8300,0,37.6485,-4.0439,-37.4307,0.0000
7.8300,1,5784.1162,1356.0394,-5622.9136,10000.0000
7.8620,0,37.7185,-4.0459,-37.5009,0.0000
7.8620,1,4967.5586,962.9042,-4873.3413,10000.0000
7.9000,0,37.5637,-4.4869,-37.2948,0.0000
7.9000,1,1315.9948,138.2666,-1308.7111,3261.4001
7.9320,0,37.6024,-4.5729,-37.3233,0.0000
7.9320,1,4202.1377,594.2252,-4159.9106,10000.0000
7.9640,0,37.6897,-4.5827,-37.4101,0.0000
7.9640,1,5663.1650,1294.6406,-5513.1973,10000.0000
7.9960,0,37.7123,-4.6746,-37.4214,0.0000
7.9960,1,5630.8530,1279.1101,-5483.6470,10000.0000
8.0280,0,37.6131,-4.9253,-37.2892,0.0000
8.0280,1,765.7147,69.5806,-762.5468,1855.0804
8.0640,0,37.6348,-5.0262,-37.2977,0.0000
8.0640,1,1781.4530,203.6794,-1769.7711,4421.2241
8.0940,0,37.7594,-4.9743,-37.4303,0.0000
8.0940,1,5552.1025,1240.0457,-5411.8506,10000.0000
8.1260,0,37.7792,-5.0634,-37.4384,0.0000
8.1260,1,5523.3101,1226.2209,-5385.4746,10000.0000
8.1660,0,37.7796,-5.2067,-37.4191,0.0000
8.1660,1,5493.0537,1211.6152,-5357.7632,10000.0000
8.1980,0,37.6796,-5.4212,-37.2876,0.0000
8.1980,1,1611.8783,185.0043,-1601.2262,3979.6870
8.2300,0,37.7864,-5.4225,-37.3953,0.0000
8.2300,1,5452.0430,1191.3309,-5320.2915,10000.0000
8.2620,0,37.7991,-5.5130,-37.3949,0.0000
8.2620,1,5427.4233,1179.5541,-5297.6953,10000.0000
8.2960,0,37.8167,-5.5689,-37.4044,0.0000
8.2960,1,5401.1216,1167.2655,-5273.4814,10000.0000
8.3280,0,37.8365,-5.6261,-37.4159,0.0000
8.3280,1,5380.6406,1157.4062,-5254.6841,10000.0000
8.3620,0,37.8367,-5.7380,-37.3991,0.0000
8.3620,1,5361.9707,1148.2898,-5237.5718,10000.0000
8.3960,0,37.8470,-5.8404,-37.3937,0.0000
8.3960,1,4351.4990,677.2599,-4298.4722,10000.0000
8.4280,0,37.8535,-5.9421,-37.3842,0.0000
8.4280,1,3502.3296,449.9214,-3473.3103,8701.6221
8.4640,0,37.9254,-5.9608,-37.4541,0.0000
8.4640,1,5292.3813,1115.6044,-5173.4634,10000.0000
8.4940,0,37.9395,-6.0449,-37.4548,0.0000
8.4940,1,5269.6797,1105.2462,-5152.4707,10000.0000
8.5260,0,37.9930,-6.0577,-37.5070,0.0000
8.5260,1,4668.3545,825.8007,-4594.7349,10000.0000
8.5640,0,37.9536,-6.2119,-37.4418,0.0000
8.5640,1,5227.6138,1085.6643,-5113.6367,10000.0000
8.6000,0,37.9265,-6.3485,-37.3914,0.0000
8.6000,1,4646.4121,816.4850,-4574.1118,10000.0000
8.6300,0,38.0180,-6.3197,-37.4891,0.0000
8.6300,1,5188.9404,1067.6210,-5077.9219,10000.0000
8.6660,0,38.0090,-6.4426,-37.4590,0.0000
8.6660,1,5170.1138,1058.9319,-5060.5078,10000.0000
8.7000,0,37.9985,-6.5524,-37.4293,0.0000
8.7000,1,4283.5229,647.5291,-4234.2974,10000.0000
8.7300,0,38.1065,-6.4836,-37.5508,0.0000
8.7300,1,5128.0581,1039.5715,-5021.5806,10000.0000
8.7640,0,38.0760,-6.6530,-37.4903,0.0000
8.7640,1,5110.6675,1031.5793,-5005.4736,10000.0000
8.7940,0,38.0695,-6.7314,-37.4697,0.0000
8.7940,1,4575.8433,783.4476,-4508.2759,10000.0000
8.8260,0,38.0584,-6.8234,-37.4417,0.0000
8.8260,1,1630.9658,198.8386,-1618.7998,3965.6350
8.8640,0,38.1134,-6.8901,-37.4854,0.0000
8.8640,1,5053.3247,1005.0828,-4952.3628,10000.0000
8.8920,0,38.1055,-6.9575,-37.4650,0.0000
8.8920,1,4543.2041,767.7037,-4477.8716,10000.0000
8.9300,0,38.1512,-7.0249,-37.4988,0.0000
8.9300,1,5017.8960,988.5842,-4919.5508,10000.0000
8.9620,0,38.1390,-7.0813,-37.4759,0.0000
8.9620,1,3810.1531,507.7773,-3776.1658,9349.0400
8.9960,0,38.2004,-7.1447,-37.5263,0.0000
8.9960,1,4981.8071,971.7431,-4886.1147,10000.0000
9.0280,0,38.1736,-7.2575,-37.4773,0.0000
9.0280,1,4968.5566,965.5414,-4873.8369,10000.0000
9.0640,0,38.2191,-7.2993,-37.5156,0.0000
9.0640,1,4949.4902,956.5253,-4856.1831,10000.0000
9.0960,0,38.2029,-7.3495,-37.4893,0.0000
9.0960,1,4479.8271,735.9112,-4418.9688,10000.0000
9.1300,0,38.2495,-7.4048,-37.5259,0.0000
9.1300,1,4918.5840,941.9732,-4827.5415,10000.0000
9.1620,0,38.2203,-7.4838,-37.4805,0.0000
9.1620,1,4907.5679,936.8643,-4817.3135,10000.0000
9.1980,0,38.2977,-7.4773,-37.5607,0.0000
9.1980,1,4891.0786,929.0369,-4802.0352,10000.0000
9.2300,0,38.2516,-7.5997,-37.4891,0.0000
9.2300,1,4880.3403,924.0181,-4792.0674,10000.0000
9.2640,0,38.2960,-7.5861,-37.5372,0.0000
9.2640,1,4868.8013,918.6768,-4781.3452,10000.0000
9.3000,0,38.2513,-7.6779,-37.4728,0.0000
9.3000,1,4858.6587,914.0012,-4771.9141,10000.0000
9.3320,0,38.2528,-7.7212,-37.4654,0.0000
9.3320,1,4849.9282,910.0118,-4763.7886,10000.0000
9.3660,0,38.2375,-7.7643,-37.4409,0.0000
9.3660,1,4841.4688,906.1699,-4755.9097,10000.0000
9.4000,0,38.3239,-7.7450,-37.5331,0.0000
9.4000,1,4832.4258,902.0032,-4747.4971,10000.0000
9.4320,0,38.2553,-7.8184,-37.4478,0.0000
9.4320,1,4824.5615,898.4144,-4740.1733,10000.0000
9.4640,0,38.3041,-7.8272,-37.4958,0.0000
9.4640,1,4816.1240,894.5815,-4732.3120,10000.0000
9.4960,0,38.3297,-7.8465,-37.5179,0.0000
9.4960,1,4807.7559,890.7505,-4724.5190,10000.0000
9.5300,0,38.2818,-7.9082,-37.4561,0.0000
9.5300,1,4799.6465,887.0412,-4716.9658,10000.0000
9.5640,0,38.3009,-7.9374,-37.4694,0.0000
9.5640,1,4790.9858,883.1038,-4708.8931,10000.0000
9.5940,0,38.3323,-7.9616,-37.4964,0.0000
9.5940,1,4783.2598,879.5702,-4701.6943,10000.0000
9.6300,0,38.3483,-7.9806,-37.5087,0.0000
9.6300,1,4774.3105,875.4514,-4693.3599,10000.0000
9.6640,0,38.3606,-8.0008,-37.5170,0.0000
9.6640,1,4765.8760,871.6176,-4685.4941,10000.0000
9.6940,0,38.3190,-8.0249,-37.4693,0.0000
9.6940,1,4374.1582,688.7247,-4319.5972,10000.0000
9.7280,0,38.3353,-8.0761,-37.4750,0.0000
9.7280,1,4750.6479,864.6533,-4671.2988,10000.0000
9.7620,0,38.3589,-8.0954,-37.4949,0.0000
9.7620,1,4742.4131,860.8553,-4663.6265,10000.0000
9.8000,0,38.3489,-8.1308,-37.4770,0.0000
9.8000,1,4733.4395,856.7626,-4655.2559,10000.0000
9.8260,0,38.4058,-8.1350,-37.5344,0.0000
9.8260,1,4726.9834,853.7966,-4649.2368,10000.0000
9.8620,0,38.4011,-8.1683,-37.5223,0.0000
9.8620,1,4718.5625,849.8935,-4641.3911,10000.0000
9.8980,0,38.3577,-8.2023,-37.4704,0.0000
9.8980,1,4345.2231,675.7284,-4292.3604,10000.0000
9.9260,0,38.4169,-8.2137,-37.5286,0.0000
9.9260,1,4704.0996,843.2516,-4627.9023,10000.0000
9.9640,0,38.4274,-8.2433,-37.5328,0.0000
9.9640,1,4695.4995,839.2606,-4619.8872,10000.0000
9.9960,0,38.4391,-8.2664,-37.5398,0.0000
9.9960,1,4688.1445,835.8045,-4613.0391,10000.0000
10.0260,0,38.4166,-8.3002,-37.5092,0.0000
10.0260,1,4681.7915,832.9102,-4607.1064,10000.0000
10.0600,0,38.4307,-8.3277,-37.5176,0.0000
10.0600,1,4674.1680,829.3544,-4600.0020,10000.0000
10.0920,0,38.4342,-8.3535,-37.5154,0.0000
10.0920,1,4666.9902,825.9873,-4593.3154,10000.0000
10.1280,0,38.4515,-8.3785,-37.5276,0.0000
10.1280,1,4659.1162,822.2693,-4585.9829,10000.0000
10.1600,0,38.4766,-8.3962,-37.5493,0.0000
10.1600,1,4652.0688,818.9897,-4579.4106,10000.0000
10.1960,0,38.4896,-8.4233,-37.5566,0.0000
10.1960,1,4644.3320,815.3574,-4572.2002,10000.0000
10.2280,0,38.4935,-8.4498,-37.5546,0.0000
10.2280,1,4637.3979,812.0575,-4565.7441,10000.0000
10.2680,0,38.4955,-8.4911,-37.5473,0.0000
10.2680,1,4629.0757,808.0914,-4557.9961,10000.0000
10.3000,0,38.5200,-8.5021,-37.5700,0.0000
10.3000,1,4622.2700,804.8749,-4551.6543,10000.0000
10.3320,0,38.5156,-8.5382,-37.5573,0.0000
10.3320,1,4616.0391,801.9375,-4545.8457,10000.0000
10.3660,0,38.5023,-8.5676,-37.5369,0.0000
10.3660,1,4608.9883,798.5452,-4539.2842,10000.0000
10.4000,0,38.5015,-8.5792,-37.5335,0.0000
10.4000,1,4280.0854,644.2070,-4231.3271,10000.0000
10.4280,0,38.5331,-8.6073,-37.5595,0.0000
10.4280,1,4596.6133,792.5629,-4527.7695,10000.0000
10.4620,0,38.5496,-8.6226,-37.5729,0.0000
10.4620,1,4590.2310,789.5239,-4521.8218,10000.0000
10.4960,0,38.5429,-8.6485,-37.5600,0.0000
10.4960,1,4583.8970,786.4620,-4515.9263,10000.0000
10.5280,0,38.5685,-8.6698,-37.5814,0.0000
10.5280,1,4577.4624,783.2902,-4509.9463,10000.0000
10.5620,0,38.5546,-8.6910,-37.5622,0.0000
10.5620,1,4261.2617,634.3995,-4213.7739,10000.0000
10.5980,0,38.5594,-8.7236,-37.5596,0.0000
10.5980,1,4564.2373,776.8254,-4497.6440,10000.0000
10.6260,0,38.6239,-8.7298,-37.6244,0.0000
10.6260,1,4558.6284,774.0325,-4492.4346,10000.0000
10.6600,0,38.5855,-8.7640,-37.5770,0.0000
10.6600,1,4552.5518,771.0421,-4486.7827,10000.0000
10.6940,0,38.6066,-8.7857,-37.5936,0.0000
10.6940,1,4546.5151,768.0186,-4481.1768,10000.0000
10.7260,0,38.5979,-8.8125,-37.5784,0.0000
10.7260,1,4540.8569,765.2068,-4475.9175,10000.0000
10.7640,0,38.5901,-8.8398,-37.5640,0.0000
10.7640,1,4533.8164,761.6762,-4469.3779,10000.0000
10.7980,0,38.6117,-8.8645,-37.5804,0.0000
10.7980,1,4527.4814,758.4530,-4463.5010,10000.0000
10.8300,0,38.6260,-8.8739,-37.5928,0.0000
10.8300,1,4521.5107,755.3752,-4457.9668,10000.0000
10.8640,0,38.6632,-8.8861,-37.6282,0.0000
10.8640,1,4515.7285,752.4382,-4452.5991,10000.0000
10.8980,0,38.6535,-8.9027,-37.6143,0.0000
10.8980,1,4509.5454,749.2698,-4446.8633,10000.0000
10.9300,0,38.6385,-8.9348,-37.5912,0.0000
10.9300,1,4504.1665,746.4935,-4441.8765,10000.0000
10.9640,0,38.6562,-8.9604,-37.6033,0.0000
10.9640,1,4498.0830,743.3170,-4436.2407,10000.0000
11.0000,0,38.6741,-8.9714,-37.6191,0.0000
11.0000,1,4491.7520,739.9662,-4430.3818,10000.0000
11.0300,0,38.6879,-8.9802,-37.6313,0.0000
11.0300,1,4486.3755,737.1301,-4425.4043,10000.0000
11.0640,0,38.7143,-9.0041,-37.6527,0.0000
11.0640,1,4480.4492,733.9904,-4419.9189,10000.0000
11.0960,0,38.6954,-9.0424,-37.6241,0.0000
11.0960,1,4475.2871,731.2468,-4415.1411,10000.0000
11.1280,0,38.7242,-9.0522,-37.6513,0.0000
11.1280,1,4469.7466,728.2551,-4410.0205,10000.0000
11.1620,0,38.7099,-9.0698,-37.6324,0.0000
11.1620,1,4464.3750,725.3351,-4405.0576,10000.0000
11.1940,0,38.7325,-9.0842,-37.6522,0.0000
11.1940,1,4458.9258,722.3967,-4400.0186,10000.0000
11.2300,0,38.7365,-9.1115,-37.6496,0.0000
11.2300,1,4452.9507,719.1430,-4394.4971,10000.0000
11.2600,0,38.7174,-9.1375,-37.6238,0.0000
11.2600,1,4448.2812,716.5991,-4390.1816,10000.0000
11.2980,0,38.7426,-9.1618,-37.6438,0.0000
11.2980,1,4442.1167,713.1529,-4384.4971,10000.0000
11.3280,0,38.7359,-9.1694,-37.6350,0.0000
11.3280,1,4180.6924,586.3117,-4139.3750,10000.0000
11.3620,0,38.7714,-9.1965,-37.6649,0.0000
11.3620,1,4432.4121,707.7691,-4375.5386,10000.0000
11.3980,0,38.7895,-9.2192,-37.6780,0.0000
11.3980,1,4426.6714,704.5242,-4370.2476,10000.0000
11.4280,0,38.7828,-9.2529,-37.6629,0.0000
11.4280,1,4421.7983,701.7467,-4365.7593,10000.0000
11.4640,0,38.8038,-9.2677,-37.6808,0.0000
11.4640,1,4416.1499,698.4700,-4360.5640,10000.0000
11.4940,0,38.8232,-9.2729,-37.6995,0.0000
11.4940,1,4411.7422,695.9236,-4356.5078,10000.0000
11.5280,0,38.8118,-9.3001,-37.6811,0.0000
11.5280,1,4406.8384,693.1356,-4351.9868,10000.0000
11.5600,0,38.8065,-9.3190,-37.6710,0.0000
11.5600,1,4402.2329,690.4749,-4347.7466,10000.0000
11.5940,0,38.8103,-9.3303,-37.6721,0.0000
11.5940,1,4397.7798,687.9185,-4343.6431,10000.0000
11.6260,0,38.8237,-9.3499,-37.6811,0.0000
11.6260,1,4392.8652,684.9778,-4339.1323,10000.0000
11.6620,0,38.8302,-9.3637,-37.6842,0.0000
11.6620,1,4387.8506,681.9783,-4334.5288,10000.0000
11.6960,0,38.8031,-9.3877,-37.6504,0.0000
11.6960,1,4383.1357,679.1960,-4330.1929,10000.0000
11.7260,0,38.8260,-9.3845,-37.6748,0.0000
11.7260,1,4379.3247,676.9746,-4326.6836,10000.0000
11.7620,0,38.8244,-9.4019,-37.6688,0.0000
11.7620,1,4135.3843,558.6533,-4097.4761,9980.5859
11.7920,0,38.8676,-9.4190,-37.7090,0.0000
11.7920,1,4369.9497,671.2554,-4318.0874,10000.0000
11.8260,0,38.8690,-9.4327,-37.7070,0.0000
11.8260,1,4365.3735,668.4272,-4313.8950,10000.0000
11.8620,0,38.8698,-9.4617,-37.7006,0.0000
11.8620,1,4360.5889,665.4501,-4309.5142,10000.0000
11.8940,0,38.8587,-9.4619,-37.6891,0.0000
11.8940,1,3991.4458,536.3317,-3955.2480,9624.2578
11.9300,0,38.8715,-9.4866,-37.6961,0.0000
11.9300,1,4351.6250,659.9039,-4301.2983,10000.0000
11.9600,0,38.8671,-9.4981,-37.6886,0.0000
11.9600,1,4347.6729,657.3989,-4297.6836,10000.0000
11.9940,0,38.8795,-9.5128,-37.6977,0.0000
11.9940,1,4343.6157,654.8512,-4293.9688,10000.0000
12.0260,0,38.8748,-9.5342,-37.6875,0.0000
12.0260,1,4339.4814,652.1741,-4290.1943,10000.0000
12.0620,0,38.8951,-9.5470,-37.7052,0.0000
12.0620,1,4334.9150,649.2369,-4286.0215,10000.0000
12.0940,0,38.8798,-9.5669,-37.6844,0.0000
12.0940,1,4331.1865,646.8939,-4282.6050,10000.0000
12.1260,0,38.9075,-9.5833,-37.7088,0.0000
12.1260,1,4327.1509,644.2461,-4278.9229,10000.0000
12.1600,0,38.8921,-9.5888,-37.6915,0.0000
12.1600,1,4322.9111,641.4437,-4275.0566,10000.0000
12.1960,0,38.9142,-9.6038,-37.7105,0.0000
12.1960,1,4318.4810,638.4940,-4271.0190,10000.0000
12.2280,0,38.9367,-9.6048,-37.7334,0.0000
12.2280,1,4314.2104,635.5431,-4267.1411,10000.0000
12.2600,0,38.9279,-9.6299,-37.7180,0.0000
12.2600,1,4310.6235,633.1942,-4263.8647,10000.0000
12.2980,0,38.9313,-9.6444,-37.7178,0.0000
12.2980,1,4306.0732,630.1185,-4259.7202,10000.0000
12.3260,0,38.9430,-9.6690,-37.7235,0.0000
12.3260,1,4302.6592,627.7958,-4256.6123,10000.0000
12.3600,0,38.9377,-9.6789,-37.7155,0.0000
12.3600,1,4298.9331,625.2415,-4253.2222,10000.0000
12.3940,0,38.9451,-9.6751,-37.7242,0.0000
12.3940,1,4295.2324,622.6951,-4249.8555,10000.0000
12.4260,0,38.9484,-9.6718,-37.7285,0.0000
12.4260,1,4291.7695,620.3011,-4246.7061,10000.0000
12.4600,0,38.9559,-9.6778,-37.7346,0.0000
12.4600,1,4288.1235,617.8074,-4243.3853,10000.0000
12.4940,0,38.9546,-9.7073,-37.7257,0.0000
12.4940,1,4284.5005,615.3060,-4240.0874,10000.0000
12.5260,0,38.9839,-9.7037,-37.7569,0.0000
12.5260,1,4280.8140,612.6489,-4236.7476,10000.0000
12.5600,0,38.9797,-9.7197,-37.7484,0.0000
12.5600,1,4276.9434,609.8600,-4233.2393,10000.0000
12.5960,0,38.9802,-9.7295,-37.7465,0.0000
12.5960,1,4272.8926,606.8659,-4229.5776,10000.0000
12.6280,0,38.9771,-9.7478,-37.7385,0.0000
12.6280,1,4269.2886,604.2034,-4226.3179,10000.0000
12.6600,0,38.9719,-9.7438,-37.7342,0.0000
12.6600,1,4265.7173,601.5948,-4223.0825,10000.0000
12.6960,0,38.9832,-9.7624,-37.7410,0.0000
12.6960,1,4261.7593,598.6575,-4219.5029,10000.0000
12.7260,0,38.9931,-9.7742,-37.7482,0.0000
12.7260,1,4258.4414,596.1393,-4216.5083,10000.0000
12.7620,0,38.9992,-9.7922,-37.7498,0.0000
12.7620,1,4254.5454,593.1832,-4212.9907,10000.0000
12.7960,0,38.9910,-9.7896,-37.7420,0.0000
12.7960,1,4250.8799,590.3466,-4209.6875,10000.0000
12.8280,0,39.0047,-9.8085,-37.7513,0.0000
12.8280,1,4247.4424,587.7048,-4206.5864,10000.0000
12.8620,0,39.0024,-9.8188,-37.7462,0.0000
12.8620,1,4243.8345,584.9261,-4203.3311,10000.0000
12.8940,0,39.0133,-9.8365,-37.7529,0.0000
12.8940,1,4240.4502,582.2731,-4200.2827,10000.0000
12.9260,0,39.0255,-9.8285,-37.7676,0.0000
12.9260,1,4237.3672,579.8810,-4197.5015,10000.0000
12.9580,0,39.0308,-9.8325,-37.7720,0.0000
12.9580,1,4234.0288,577.1998,-4194.5010,10000.0000
12.9940,0,39.0186,-9.8491,-37.7551,0.0000
12.9940,1,4230.6025,574.4750,-4191.4170,10000.0000
13.0260,0,39.0259,-9.8632,-37.7590,0.0000
13.0260,1,4227.3198,571.8491,-4188.4629,10000.0000
13.0600,0,39.0452,-9.8693,-37.7773,0.0000
13.0600,1,4223.6035,568.7840,-4185.1299,10000.0000
13.0940,0,39.0353,-9.8826,-37.7636,0.0000
13.0940,1,4220.4502,566.2480,-4182.2915,10000.0000
13.1260,0,39.0379,-9.8902,-37.7643,0.0000
13.1260,1,4217.2358,563.5933,-4179.4067,10000.0000
13.1600,0,39.0507,-9.9130,-37.7716,0.0000
13.1600,1,4213.8696,560.7360,-4176.3945,10000.0000
13.1940,0,39.0496,-9.9139,-37.7701,0.0000
13.1940,1,4210.7856,558.1683,-4173.6270,10000.0000
13.2260,0,39.0520,-9.9160,-37.7721,0.0000
13.2260,1,4207.9033,555.7951,-4171.0361,10000.0000
13.2620,0,39.0387,-9.9287,-37.7550,0.0000
13.2620,1,4204.6899,553.1068,-4168.1519,10000.0000
13.2940,0,39.2218,-9.8320,-37.9695,0.0000
13.2940,1,4201.5928,550.4457,-4165.3799,10000.0000
13.3280,0,39.1900,-10.0245,-37.8862,0.0000
13.3280,1,1733.3866,206.3223,-1721.0637,4103.6768
13.3620,0,39.2084,-10.0700,-37.8932,0.0000
13.3620,1,2708.0710,337.5515,-2686.9514,6452.9111
13.3920,0,39.2638,-10.0691,-37.9508,0.0000
13.3920,1,4191.7134,541.6042,-4156.5762,10000.0000
13.4260,0,39.3056,-10.1222,-37.9799,0.0000
13.4260,1,4188.1509,538.3577,-4153.4053,10000.0000
13.4600,0,39.3502,-10.1720,-38.0127,0.0000
13.4600,1,4184.6133,535.0900,-4150.2612,10000.0000
13.4920,0,39.3878,-10.1903,-38.0468,0.0000
13.4920,1,4181.2778,531.9677,-4147.2998,10000.0000
13.5260,0,39.4289,-10.2337,-38.0777,0.0000
13.5260,1,4177.8052,528.6869,-4144.2183,10000.0000
13.5580,0,39.3704,-10.4309,-37.9635,0.0000
13.5580,1,1623.1317,189.3461,-1612.0498,3831.6575
13.5980,0,39.4858,-10.3588,-38.1028,0.0000
13.5980,1,4112.0103,516.7821,-4079.4077,9843.2119
13.6300,0,39.4335,-10.5173,-38.0052,0.0000
13.6300,1,4080.5950,511.9390,-4048.3545,9766.1348
13.6620,0,39.4816,-10.5632,-38.0422,0.0000
13.6620,1,4039.8240,505.6645,-4008.0520,9665.6084
13.6960,0,39.5158,-10.6085,-38.0652,0.0000
13.6960,1,3997.1816,499.0969,-3965.9001,9560.4229
13.7280,0,39.5690,-10.6435,-38.1107,0.0000
13.7280,1,3956.6074,492.8880,-3925.7871,9460.2842
13.7600,0,39.6166,-10.6897,-38.1472,0.0000
13.7600,1,3916.1409,486.8021,-3885.7668,9360.3477
13.7960,0,39.6557,-10.7256,-38.1777,0.0000
13.7960,1,3871.8657,480.1499,-3841.9788,9250.9834
13.8260,0,39.5868,-10.9143,-38.0525,0.0000
13.8260,1,1514.3147,172.1419,-1504.4987,3565.6272
13.8620,0,39.6160,-10.9694,-38.0671,0.0000
13.8620,1,1499.6572,169.8633,-1490.0061,3529.6829
13.8940,0,39.6657,-10.9821,-38.1151,0.0000
13.8940,1,3758.2136,463.1573,-3729.5649,8970.1494
13.9260,0,39.7092,-11.0271,-38.1474,0.0000
13.9260,1,3718.1626,457.2619,-3689.9385,8870.9922
13.9580,0,39.7726,-11.0400,-38.2097,0.0000
13.9580,1,3678.2173,451.4540,-3650.4070,8772.0254
13.9920,0,39.7982,-11.1186,-38.2135,0.0000
13.9920,1,3636.4170,445.3818,-3609.0391,8668.4453
14.0300,0,39.7665,-11.2332,-38.1470,0.0000
14.0300,1,3596.1384,439.5294,-3569.1772,8568.7373
14.0580,0,39.8052,-11.2629,-38.1785,0.0000
14.0580,1,3568.8801,435.5694,-3542.2004,8501.2783
14.0920,0,39.8467,-11.3010,-38.2106,0.0000
14.0920,1,3532.5596,430.3241,-3506.2512,8411.2676
14.1260,0,39.8523,-11.3696,-38.1960,0.0000
14.1260,1,3496.2939,425.1785,-3470.3450,8321.3408
14.1600,0,39.9266,-11.3618,-38.2759,0.0000
14.1600,1,3460.0732,420.0803,-3434.4780,8231.4658
14.1920,0,39.8733,-11.5082,-38.1765,0.0000
14.1920,1,2151.0701,251.2434,-2136.3472,5086.0742
14.2260,0,39.9355,-11.5324,-38.2341,0.0000
14.2260,1,3387.7087,409.8952,-3362.8196,8051.7310
14.2600,0,39.9701,-11.5903,-38.2528,0.0000
14.2600,1,3346.5271,404.1433,-3322.0342,7949.2969
14.2940,0,40.0234,-11.6104,-38.3024,0.0000
14.2940,1,3305.4436,398.4691,-3281.3381,7847.0532
14.3280,0,40.0655,-11.6414,-38.3370,0.0000
14.3280,1,3264.4709,392.8735,-3240.7439,7745.0278
14.3580,0,40.0908,-11.6836,-38.3506,0.0000
14.3580,1,3227.4663,387.8473,-3204.0774,7652.8398
14.3940,0,40.1253,-11.7361,-38.3706,0.0000
14.3940,1,3191.8259,382.5869,-3168.8137,7565.3027
14.4260,0,40.0985,-11.8804,-38.2981,0.0000
14.4260,1,3171.7830,379.1943,-3149.0347,7517.4038
14.4580,0,40.1486,-11.9119,-38.3408,0.0000
14.4580,1,3146.8008,375.0570,-3124.3699,7457.5688
14.4960,0,40.1871,-11.9652,-38.3646,0.0000
14.4960,1,3118.2839,370.3352,-3096.2148,7389.2764
14.5260,0,40.2375,-11.9788,-38.4130,0.0000
14.5260,1,3094.8792,366.4488,-3073.1079,7333.1987
14.5580,0,40.2588,-12.0363,-38.4174,0.0000
14.5580,1,3070.4072,362.3862,-3048.9468,7274.5591
14.5920,0,40.2191,-12.1911,-38.3269,0.0000
14.5920,1,1931.4713,217.6921,-1919.1643,4550.2588
14.6280,0,40.2629,-12.2266,-38.3616,0.0000
14.6280,1,3023.1648,354.6803,-3002.2871,7161.4019
14.6580,0,40.3204,-12.2411,-38.4173,0.0000
14.6580,1,3000.3616,350.9674,-2979.7637,7106.7148
14.6920,0,40.3680,-12.2688,-38.4584,0.0000
14.6920,1,2975.3267,346.8978,-2955.0349,7046.6753
14.7260,0,40.3981,-12.3215,-38.4732,0.0000
14.7260,1,2950.4731,342.9088,-2930.4788,6987.0620
14.7580,0,40.3567,-12.4483,-38.3888,0.0000
14.7580,1,2931.6128,339.8789,-2911.8440,6941.8604
14.7920,0,40.4221,-12.4851,-38.4457,0.0000
14.7920,1,2907.0532,335.9525,-2887.5757,6882.9204
14.8260,0,40.4704,-12.5145,-38.4869,0.0000
14.8260,1,2882.6638,332.0468,-2863.4761,6824.3892
14.8580,0,40.4785,-12.5790,-38.4744,0.0000
14.8580,1,2862.3926,328.8129,-2843.4438,6775.7539
14.8920,0,40.5355,-12.5809,-38.5337,0.0000
14.8920,1,2841.0964,325.4785,-2822.3914,6724.6274
14.9260,0,40.5376,-12.6750,-38.5051,0.0000
14.9260,1,2819.9202,322.1511,-2801.4583,6673.8066
14.9600,0,40.5093,-12.7710,-38.4436,0.0000
14.9600,1,2800.5654,319.0964,-2782.3271,6627.3296
14.9940,0,40.5396,-12.8179,-38.4599,0.0000
14.9940,1,2779.6182,315.7822,-2761.6226,6577.0415
15.0260,0,40.5944,-12.8489,-38.5073,0.0000
15.0260,1,2759.9229,312.7536,-2742.1450,6529.7168
15.0580,0,40.6173,-12.8730,-38.5234,0.0000
15.0580,1,2740.3379,309.7253,-2722.7783,6482.6646
15.0920,0,40.6630,-12.8897,-38.5660,0.0000
15.0920,1,2719.7527,306.5614,-2702.4202,6433.1929
15.1260,0,40.6731,-12.9498,-38.5565,0.0000
15.1260,1,2699.2852,303.3941,-2682.1804,6383.9917
15.1600,0,40.6834,-12.9962,-38.5517,0.0000
15.1600,1,2680.5544,300.4890,-2663.6589,6338.9849
15.1920,0,40.7250,-13.0296,-38.5843,0.0000
15.1920,1,2659.8091,297.3525,-2643.1355,6289.0781
15.2260,0,40.7475,-13.0805,-38.5909,0.0000
15.2260,1,2639.6978,294.3217,-2623.2383,6240.7207
15.2600,0,40.7325,-13.1682,-38.5452,0.0000
15.2600,1,2621.2781,291.5386,-2605.0151,6196.3989
15.2920,0,40.7683,-13.1896,-38.5757,0.0000
15.2920,1,2602.4619,288.6912,-2586.4001,6151.1313
15.3260,0,40.8062,-13.2126,-38.6079,0.0000
15.3260,1,2584.2339,285.9188,-2568.3682,6107.2715
15.3580,0,40.8290,-13.2667,-38.6135,0.0000
15.3580,1,2566.2393,283.1735,-2550.5679,6064.1211
15.3920,0,40.8854,-13.2709,-38.6717,0.0000
15.3920,1,2547.5964,280.3436,-2532.1245,6019.4668
15.4300,0,40.8960,-13.3287,-38.6631,0.0000
15.4300,1,2527.1018,277.2193,-2511.8506,5970.3960
15.4600,0,40.8678,-13.4272,-38.5991,0.0000
15.4600,1,2512.1763,274.9351,-2497.0864,5934.6665
15.4920,0,40.9171,-13.4426,-38.6460,0.0000
15.4920,1,2494.9404,272.2874,-2480.0378,5893.4067
15.5260,0,40.9716,-13.4407,-38.7043,0.0000
15.5260,1,2476.8591,269.5662,-2462.1465,5850.1079
15.5600,0,40.9784,-13.5155,-38.6854,0.0000
15.5600,1,2460.3262,267.0951,-2445.7852,5810.5127
15.5920,0,40.9733,-13.5683,-38.6615,0.0000
15.5920,1,2444.8689,264.7795,-2430.4888,5773.5054
15.6260,0,40.9741,-13.6345,-38.6391,0.0000
15.6260,1,2427.1760,262.1153,-2412.9812,5731.1528
15.6600,0,41.0601,-13.6330,-38.7308,0.0000
15.6600,1,2409.6255,259.4563,-2395.6165,5689.1367
15.6920,0,41.0787,-13.6732,-38.7363,0.0000
15.6920,1,2394.5161,257.2076,-2380.6621,5652.9492
15.7260,0,41.0720,-13.7614,-38.6980,0.0000
15.7260,1,2377.2263,254.6716,-2363.5457,5611.5571
15.7580,0,41.1311,-13.7291,-38.7721,0.0000
15.7580,1,2360.9961,252.2968,-2347.4773,5572.6953
15.7940,0,41.1210,-13.8034,-38.7350,0.0000
15.7940,1,2344.3816,249.8401,-2331.0310,5532.9106
15.8300,0,41.1613,-13.8359,-38.7663,0.0000
15.8300,1,2326.5698,247.2131,-2313.3984,5490.2676
15.8580,0,41.1808,-13.8719,-38.7741,0.0000
15.8580,1,2312.5249,245.1181,-2299.4973,5456.6567
15.8940,0,41.1536,-13.9395,-38.7209,0.0000
15.8940,1,2296.2874,242.7871,-2283.4163,5417.7715
15.9260,0,41.1893,-13.9482,-38.7558,0.0000
15.9260,1,2281.9541,240.7148,-2269.2224,5383.4492
15.9580,0,41.2127,-14.0115,-38.7578,0.0000
15.9580,1,2267.7180,238.6563,-2255.1248,5349.3716
15.9920,0,41.2206,-14.0395,-38.7560,0.0000
15.9920,1,2252.6980,236.4756,-2240.2517,5313.4092
16.0320,0,41.2570,-14.0832,-38.7789,0.0000
16.0320,1,2235.1658,233.9249,-2222.8911,5271.4365
16.0660,0,41.3053,-14.1001,-38.8241,0.0000
16.0660,1,2219.1235,231.5865,-2207.0063,5233.0381
16.0980,0,41.3203,-14.1201,-38.8328,0.0000
16.0980,1,2205.3198,229.6553,-2193.3293,5199.9858
16.1240,0,41.3293,-14.1418,-38.8345,0.0000
16.1240,1,2194.1724,228.0679,-2182.2871,5173.2944
16.1640,0,41.3731,-14.1775,-38.8681,0.0000
16.1640,1,2175.9146,225.4735,-2164.2009,5129.5874
16.1920,0,41.3587,-14.2481,-38.8270,0.0000
16.1920,1,2164.0920,223.7886,-2152.4900,5101.2783
16.2260,0,41.4070,-14.2675,-38.8713,0.0000
16.2260,1,2149.8230,221.7426,-2138.3564,5067.1299
16.2620,0,41.3800,-14.3252,-38.8213,0.0000
16.2620,1,2133.6226,219.4216,-2122.3098,5028.3550
16.2920,0,41.4130,-14.3421,-38.8502,0.0000
16.2920,1,2121.2217,217.6737,-2110.0234,4998.6626
16.3260,0,41.4270,-14.4030,-38.8427,0.0000
16.3260,1,2106.0818,215.5936,-2095.0181,4962.4233
16.3580,0,41.4800,-14.4261,-38.8906,0.0000
16.3580,1,2093.0498,213.7755,-2082.1040,4931.2207
16.3920,0,41.4933,-14.4786,-38.8853,0.0000
16.3920,1,2079.2988,211.8538,-2068.4780,4898.3018
16.4280,0,41.4878,-14.5326,-38.8592,0.0000
16.4280,1,2063.6841,209.6673,-2053.0054,4860.9277
16.4580,0,41.5467,-14.5350,-38.9212,0.0000
16.4580,1,2051.7327,207.9894,-2041.1632,4832.3154
16.4920,0,41.5565,-14.5947,-38.9093,0.0000
16.4920,1,2038.2765,206.0894,-2027.8309,4800.1128
16.5280,0,41.5823,-14.6116,-38.9305,0.0000
16.5280,1,2024.1415,204.1373,-2013.8214,4766.2793
16.5600,0,41.6189,-14.6360,-38.9605,0.0000
16.5600,1,2010.5441,202.2928,-2000.3412,4733.7129
16.5960,0,41.6071,-14.7013,-38.9233,0.0000
16.5960,1,1996.6215,200.3987,-1986.5391,4700.3989
16.6280,0,41.6405,-14.7099,-38.9557,0.0000
16.6280,1,1984.3374,198.7334,-1974.3606,4670.9780
16.6620,0,41.6737,-14.7311,-38.9832,0.0000
16.6620,1,1970.2719,196.8066,-1960.4180,4637.3228
16.6960,0,41.6762,-14.7756,-38.9691,0.0000
16.6960,1,1957.4122,195.0360,-1947.6714,4606.5444
16.7280,0,41.7012,-14.8190,-38.9793,0.0000
16.7280,1,1945.3883,193.3691,-1935.7542,4577.7656
16.7580,0,41.7108,-14.8551,-38.9759,0.0000
16.7580,1,1934.1914,191.8184,-1924.6564,4550.9702
16.7920,0,41.7198,-14.8872,-38.9732,0.0000
16.7920,1,1921.5959,190.1534,-1912.1644,4520.8140
16.8240,0,41.7574,-14.9032,-39.0074,0.0000
16.8240,1,1909.8290,188.6106,-1900.4928,4492.6465
16.8600,0,41.7423,-14.9474,-38.9743,0.0000
16.8600,1,1895.6244,186.6964,-1886.4083,4458.6377
16.8920,0,41.7857,-14.9583,-39.0166,0.0000
16.8920,1,1884.0265,185.1415,-1874.9076,4430.8887
16.9260,0,41.7858,-14.9966,-39.0020,0.0000
16.9260,1,1871.7917,183.5098,-1862.7744,4401.5947
16.9600,0,41.8250,-15.0142,-39.0372,0.0000
16.9600,1,1859.6429,181.8658,-1850.7286,4372.5254
16.9920,0,41.8369,-15.0473,-39.0372,0.0000
16.9920,1,1848.2887,180.3138,-1839.4723,4345.3516
17.0260,0,41.8529,-15.0604,-39.0494,0.0000
17.0260,1,1836.3108,178.6881,-1827.5962,4316.6943
17.0580,0,41.8388,-15.1060,-39.0166,0.0000
17.0580,1,1824.1146,177.1115,-1815.4960,4287.4951
17.0920,0,41.8761,-15.1191,-39.0516,0.0000
17.0920,1,1812.3169,175.5810,-1803.7915,4259.2549
17.1260,0,41.9047,-15.1565,-39.0677,0.0000
17.1260,1,1800.6036,174.0676,-1792.1702,4231.2134
17.1600,0,41.9228,-15.1688,-39.0823,0.0000
17.1600,1,1788.9750,172.5515,-1780.6340,4203.3818
17.1920,0,41.9384,-15.1916,-39.0902,0.0000
17.1920,1,1778.1050,171.1208,-1769.8517,4177.3638
17.2260,0,41.9490,-15.2301,-39.0866,0.0000
17.2260,1,1765.6653,169.4655,-1757.5139,4147.5972
17.2600,0,41.9815,-15.2493,-39.1140,0.0000
17.2600,1,1754.2863,167.9533,-1746.2279,4120.3687
17.2920,0,41.9686,-15.2885,-39.0849,0.0000
17.2920,1,1743.6512,166.5521,-1735.6786,4094.9185
17.3260,0,41.9989,-15.3045,-39.1111,0.0000
17.3260,1,1732.4365,165.0768,-1724.5538,4068.0806
17.3580,0,42.0062,-15.3316,-39.1084,0.0000
17.3580,1,1721.9565,163.7706,-1714.1510,4042.9956
17.3920,0,42.0574,-15.3388,-39.1606,0.0000
17.3920,1,1709.9611,162.2332,-1702.2477,4014.2781
17.4240,0,42.0467,-15.3548,-39.1427,0.0000
17.4240,1,1699.6337,160.9191,-1691.9987,3989.5581
17.4580,0,42.0649,-15.3978,-39.1455,0.0000
17.4580,1,1688.7369,159.5289,-1681.1849,3963.4805
17.4920,0,42.0756,-15.4229,-39.1470,0.0000
17.4920,1,1677.9216,158.1514,-1670.4518,3937.5979
17.5400,0,42.0827,-15.4629,-39.1389,0.0000
17.5400,1,1662.7805,156.2000,-1655.4276,3901.3672
17.5620,0,42.0981,-15.4766,-39.1500,0.0000
17.5620,1,1655.8905,155.3064,-1648.5913,3884.8796
17.5920,0,42.1175,-15.4881,-39.1663,0.0000
17.5920,1,1646.5496,154.0732,-1639.3252,3862.5176
17.6260,0,42.1233,-15.5130,-39.1627,0.0000
17.6260,1,1636.0344,152.7135,-1628.8914,3837.3711
17.6620,0,42.1522,-15.5460,-39.1807,0.0000
17.6620,1,1624.9915,151.3237,-1617.9303,3810.9238
17.6940,0,42.1517,-15.5760,-39.1683,0.0000
17.6940,1,1615.2430,150.1386,-1608.2502,3787.6099
17.7280,0,42.1737,-15.5987,-39.1829,0.0000
17.7280,1,1604.9612,148.8646,-1598.0425,3762.9868
17.7600,0,42.1996,-15.6176,-39.2033,0.0000
17.7600,1,1595.3521,147.6794,-1588.5021,3739.9900
17.7940,0,42.2090,-15.6421,-39.2036,0.0000
17.7940,1,1585.2084,146.3994,-1578.4337,3715.7170
17.8260,0,42.2307,-15.6641,-39.2182,0.0000
17.8260,1,1575.7330,145.2117,-1569.0278,3693.0415
17.8620,0,42.2249,-15.6996,-39.1977,0.0000
17.8620,1,1565.1460,143.8830,-1558.5184,3667.7153
17.8920,0,42.2627,-15.7310,-39.2259,0.0000
17.8920,1,1556.3885,142.7749,-1549.8260,3646.7458
17.9260,0,42.2786,-15.7616,-39.2307,0.0000
17.9260,1,1546.5317,141.5361,-1540.0415,3623.1724
17.9580,0,42.2950,-15.7809,-39.2407,0.0000
17.9580,1,1537.3152,140.3590,-1530.8943,3601.1147
17.9940,0,42.2943,-15.8104,-39.2281,0.0000
17.9940,1,1527.0225,139.0422,-1520.6791,3576.4985
18.0260,0,42.3148,-15.8337,-39.2407,0.0000
18.0260,1,1517.9462,137.9642,-1511.6635,3554.7637
18.0620,0,42.3351,-15.8485,-39.2567,0.0000
18.0620,1,1507.8097,136.7491,-1501.5958,3530.5066
18.0920,0,42.3310,-15.8862,-39.2370,0.0000
18.0920,1,1499.4211,135.7410,-1493.2643,3510.4329
18.1260,0,42.3434,-15.9145,-39.2388,0.0000
18.1260,1,1489.1783,134.5020,-1483.0918,3485.9138
18.1580,0,42.3609,-15.9281,-39.2523,0.0000
18.1580,1,1480.3553,133.4263,-1474.3302,3464.8113
18.1920,0,42.3872,-15.9453,-39.2737,0.0000
18.1920,1,1471.0521,132.2954,-1465.0912,3442.5371
18.2280,0,42.3945,-15.9716,-39.2708,0.0000
18.2280,1,1461.2699,131.0967,-1455.3774,3419.1418
18.2620,0,42.4077,-15.9844,-39.2799,0.0000
18.2620,1,1452.0992,129.9482,-1446.2731,3397.2026
18.2920,0,42.4160,-16.0131,-39.2771,0.0000
18.2920,1,1444.0651,128.9515,-1438.2960,3377.9624
18.3260,0,42.4291,-16.0432,-39.2790,0.0000
18.3260,1,1435.0194,127.8409,-1429.3136,3356.3403
18.3620,0,42.4442,-16.0481,-39.2934,0.0000
18.3620,1,1425.5123,126.6506,-1419.8750,3333.5859
18.3920,0,42.4575,-16.0729,-39.2976,0.0000
18.3920,1,1417.6442,125.6774,-1412.0624,3314.7637
18.4260,0,42.4710,-16.0942,-39.3035,0.0000
18.4260,1,1408.7966,124.6719,-1403.2693,3293.5950
18.4600,0,42.4871,-16.1144,-39.3126,0.0000
18.4600,1,1400.0145,123.6376,-1394.5446,3272.5535
18.4920,0,42.5052,-16.1250,-39.3279,0.0000
18.4920,1,1391.8029,122.6649,-1386.3868,3252.9209
18.5260,0,42.5230,-16.1466,-39.3382,0.0000
18.5260,1,1383.1403,121.6603,-1377.7793,3232.1892
18.5600,0,42.5146,-16.1763,-39.3168,0.0000
18.5600,1,1373.8086,120.5476,-1368.5095,3209.8564
18.5920,0,42.5291,-16.1893,-39.3272,0.0000
18.5920,1,1365.7781,119.6129,-1360.5303,3190.6426
18.6260,0,42.5527,-16.2061,-39.3459,0.0000
18.6260,1,1357.3024,118.5996,-1352.1110,3170.3557
18.6600,0,42.5617,-16.2220,-39.3490,0.0000
18.6600,1,1348.8877,117.5921,-1343.7523,3150.2332
18.6920,0,42.5733,-16.2437,-39.3526,0.0000
18.6920,1,1341.0228,116.6305,-1335.9415,3131.4214
18.7260,0,42.5873,-16.2582,-39.3618,0.0000
18.7260,1,1332.7228,115.6288,-1327.6973,3111.5510
18.7580,0,42.5934,-16.2724,-39.3625,0.0000
18.7580,1,1324.9695,114.7021,-1319.9952,3093.0139
18.7920,0,42.6015,-16.2776,-39.3692,0.0000
18.7920,1,1316.7867,113.6978,-1311.8689,3073.4390
18.8240,0,42.6145,-16.3036,-39.3724,0.0000
18.8240,1,1309.1395,112.7574,-1304.2745,3055.1392
18.8600,0,42.6246,-16.3270,-39.3736,0.0000
18.8600,1,1299.9208,111.7133,-1295.1117,3033.0903
18.8900,0,42.6513,-16.3313,-39.4008,0.0000
18.8900,1,1292.8640,110.9201,-1288.0970,3016.1938
18.9240,0,42.6654,-16.3603,-39.4040,0.0000
18.9240,1,1284.9205,110.0212,-1280.2015,2997.1804
18.9580,0,42.6765,-16.3803,-39.4077,0.0000
18.9580,1,1277.0326,109.1273,-1272.3613,2978.3167
18.9920,0,42.6802,-16.3913,-39.4072,0.0000
18.9920,1,1269.2030,108.2351,-1264.5796,2959.5708
19.0260,0,42.6784,-16.4209,-39.3928,0.0000
19.0260,1,1261.4292,107.3564,-1256.8525,2940.9617
19.0600,0,42.7074,-16.4377,-39.4173,0.0000
19.0600,1,1253.7101,106.4526,-1249.1825,2922.5120
19.0920,0,42.7239,-16.4404,-39.4340,0.0000
19.0920,1,1245.8452,105.5419,-1241.3667,2903.6826
19.1240,0,42.7128,-16.4635,-39.4124,0.0000
19.1240,1,1238.6881,104.7215,-1234.2534,2886.5564
19.1600,0,42.7271,-16.4981,-39.4134,0.0000
19.1600,1,1230.6874,103.7690,-1226.3048,2867.4351
19.1920,0,42.7552,-16.5242,-39.4329,0.0000
19.1920,1,1223.6301,102.9445,-1219.2920,2850.5410
19.2240,0,42.7584,-16.5479,-39.4265,0.0000
19.2240,1,1216.6185,102.1123,-1212.3258,2833.7695
19.2580,0,42.7753,-16.5563,-39.4413,0.0000
19.2580,1,1209.2222,101.2352,-1204.9771,2816.0869
19.2920,0,42.7787,-16.5626,-39.4423,0.0000
19.2920,1,1201.8788,100.3525,-1197.6819,2798.5203
19.3260,0,42.7890,-16.5768,-39.4476,0.0000
19.3260,1,1194.5879,99.4631,-1190.4399,2781.0781
19.3580,0,42.7904,-16.5965,-39.4407,0.0000
19.3580,1,1187.7811,98.7211,-1183.6715,2764.8005
19.3920,0,42.8107,-16.6148,-39.4550,0.0000
19.3920,1,1180.6011,97.9574,-1176.5302,2747.6147
19.4260,0,42.8247,-16.6309,-39.4635,0.0000
19.4260,1,1173.4712,97.1841,-1169.4401,2730.5332
19.4580,0,42.8284,-16.6420,-39.4628,0.0000
19.4580,1,1166.8060,96.4541,-1162.8125,2714.6003
19.4920,0,42.8455,-16.6555,-39.4757,0.0000
19.4920,1,1159.7759,95.6972,-1155.8209,2697.7742
19.5240,0,42.8464,-16.6659,-39.4723,0.0000
19.5240,1,1153.2053,94.9686,-1149.2883,2682.0383
19.5580,0,42.8499,-16.6776,-39.4711,0.0000
19.5580,1,1146.2717,94.1898,-1142.3954,2665.4663
19.5920,0,42.8726,-16.7006,-39.4861,0.0000
19.5920,1,1139.3895,93.4320,-1135.5524,2649.0037
19.6260,0,42.8848,-16.7108,-39.4951,0.0000
19.6260,1,1132.5554,92.6468,-1128.7596,2632.6375
19.6580,0,42.8897,-16.7266,-39.4936,0.0000
19.6580,1,1126.1685,91.9300,-1122.4100,2617.3655
19.6920,0,42.9058,-16.7417,-39.5047,0.0000
19.6920,1,1119.4299,91.1598,-1115.7119,2601.2583
19.7260,0,42.9183,-16.7624,-39.5095,0.0000
19.7260,1,1112.7390,90.4022,-1109.0607,2585.2454
19.7600,0,42.9338,-16.7853,-39.5166,0.0000
19.7600,1,1106.0962,89.6354,-1102.4583,2569.3416
19.7980,0,42.9268,-16.8012,-39.5022,0.0000
19.7980,1,1098.7302,88.7853,-1095.1371,2551.7463
19.8300,0,42.9390,-16.8120,-39.5109,0.0000
19.8300,1,1092.5717,88.0688,-1089.0164,2537.0159
19.8600,0,42.9484,-16.8256,-39.5153,0.0000
19.8600,1,1086.8358,87.4069,-1083.3153,2523.2817
19.8960,0,42.9586,-16.8361,-39.5220,0.0000
19.8960,1,1080.0029,86.6172,-1076.5239,2506.9470
19.9260,0,42.9646,-16.8457,-39.5244,0.0000
19.9260,1,1074.3473,85.9555,-1070.9032,2493.4377
19.9600,0,42.9776,-16.8591,-39.5329,0.0000
19.9600,1,1067.9912,85.3134,-1064.5782,2478.2153
19.9940,0,42.9843,-16.8793,-39.5315,0.0000
19.9940,1,1061.6776,84.6537,-1058.2972,2463.0837
20.0280,0,42.9856,-16.8942,-39.5266,0.0000
20.0280,1,1055.4091,83.9987,-1052.0612,2448.1013
20.0600,0,42.9997,-16.9094,-39.5354,0.0000
20.0600,1,1049.5518,83.3696,-1046.2354,2434.0959
20.0940,0,43.0074,-16.9201,-39.5391,0.0000
20.0940,1,1043.3708,82.7153,-1040.0869,2419.2922
20.1300,0,43.0041,-16.9344,-39.5295,0.0000
20.1300,1,1036.8749,82.0246,-1033.6255,2403.7463
20.1600,0,43.0217,-16.9487,-39.5424,0.0000
20.1600,1,1031.4999,81.4505,-1028.2791,2390.8997
20.1920,0,43.0258,-16.9654,-39.5397,0.0000
20.1920,1,1025.8035,80.8369,-1022.6134,2377.2778
20.2260,0,43.0396,-16.9735,-39.5513,0.0000
20.2260,1,1019.7950,80.2019,-1016.6363,2362.8806
20.2580,0,43.0493,-16.9974,-39.5517,0.0000
20.2580,1,1014.1785,79.5919,-1011.0505,2349.4470
20.2940,0,43.0558,-17.0144,-39.5514,0.0000
20.2940,1,1007.9047,78.8905,-1004.8124,2334.4563
20.3260,0,43.0714,-17.0249,-39.5638,0.0000
20.3260,1,1002.3672,78.2844,-999.3055,2321.2144
20.3600,0,43.0776,-17.0362,-39.5658,0.0000
20.3600,1,996.5243,77.6367,-993.4955,2307.2200
20.3940,0,43.0825,-17.0445,-39.5675,0.0000
20.3940,1,990.7277,76.9925,-987.7314,2293.3611
20.4260,0,43.0876,-17.0616,-39.5657,0.0000
20.4260,1,985.3064,76.4018,-982.3398,2280.4055
20.4340,0,43.0973,-17.0589,-39.5774,0.0000
20.4340,1,983.9575,76.2367,-980.9997,2277.1826
20.4600,0,43.0954,-17.0656,-39.5725,0.0000
20.4600,1,979.5870,75.7398,-976.6547,2266.7241
20.4940,0,43.1061,-17.0846,-39.5759,0.0000
20.4940,1,973.9089,75.1001,-971.0090,2253.1318
20.5260,0,43.1091,-17.0941,-39.5751,0.0000
20.5260,1,968.6022,74.4954,-965.7333,2240.4509
20.5600,0,43.1235,-17.1148,-39.5818,0.0000
20.5600,1,963.0043,73.8590,-960.1677,2227.0786
20.5940,0,43.1341,-17.1285,-39.5874,0.0000
20.5940,1,957.4459,73.2158,-954.6424,2213.7864
20.6260,0,43.1408,-17.1385,-39.5904,0.0000
20.6260,1,952.2540,72.6564,-949.4781,2201.3501
20.6580,0,43.1508,-17.1562,-39.5937,0.0000
20.6580,1,947.1000,72.1468,-944.3481,2189.0171
20.6920,0,43.1608,-17.1610,-39.6025,0.0000
20.6920,1,941.6635,71.6097,-938.9368,2176.0205
20.7280,0,43.1588,-17.1583,-39.6015,0.0000
20.7280,1,935.9489,71.0328,-933.2495,2162.3459
20.7600,0,43.1654,-17.1681,-39.6044,0.0000
20.7600,1,930.9072,70.5271,-928.2318,2150.2671
20.7920,0,43.1798,-17.1789,-39.6154,0.0000
20.7920,1,925.8996,70.0233,-923.2480,2138.2783
20.8260,0,43.1929,-17.1935,-39.6234,0.0000
20.8260,1,920.6153,69.4819,-917.9895,2125.6553
20.8600,0,43.2058,-17.2176,-39.6270,0.0000
20.8600,1,915.3668,68.9335,-912.7676,2113.1055
20.8920,0,43.2127,-17.2336,-39.6276,0.0000
20.8920,1,910.4651,68.4418,-907.8890,2101.3674
20.9260,0,43.2310,-17.2489,-39.6408,0.0000
20.9260,1,905.2941,67.9234,-902.7424,2088.9666
20.9600,0,43.2403,-17.2803,-39.6373,0.0000
20.9600,1,900.1565,67.3882,-897.6305,2076.6978
20.9920,0,43.2548,-17.2843,-39.6513,0.0000
20.9920,1,895.3560,66.8732,-892.8551,2065.2275
21.0260,0,43.2507,-17.2767,-39.6502,0.0000
21.0260,1,890.2917,66.3397,-887.8166,2053.1113
21.0600,0,43.2614,-17.2839,-39.6588,0.0000
21.0600,1,885.2621,65.8070,-882.8128,2041.0646
21.0940,0,43.2747,-17.2888,-39.6711,0.0000
21.0940,1,880.2701,65.2761,-877.8466,2029.1167
21.1260,0,43.2831,-17.3098,-39.6711,0.0000
21.1260,1,875.6048,64.7765,-873.2054,2017.9769
21.1600,0,43.2836,-17.3220,-39.6663,0.0000
21.1600,1,870.6821,64.2495,-868.3083,2006.2163
21.1940,0,43.3186,-17.3544,-39.6904,0.0000
21.1940,1,865.7949,63.7322,-863.4460,1994.5156
21.2260,0,43.3196,-17.3769,-39.6816,0.0000
21.2260,1,861.2278,63.2345,-858.9033,1983.5732
21.2600,0,43.3133,-17.3655,-39.6797,0.0000
21.2600,1,856.4083,62.7095,-854.1093,1972.0553
21.2920,0,43.3194,-17.3532,-39.6917,0.0000
21.2920,1,851.9040,62.1970,-849.6305,1961.3026
21.3260,0,43.3164,-17.3588,-39.6860,0.0000
21.3260,1,847.1525,61.6859,-844.9037,1949.9490
21.3580,0,43.3233,-17.3690,-39.6892,0.0000
21.3580,1,842.7108,61.1728,-840.4876,1939.3212
21.3920,0,43.3451,-17.3856,-39.7056,0.0000
21.3920,1,838.0260,60.6628,-835.8275,1928.0950
21.4260,0,43.3469,-17.4106,-39.6967,0.0000
21.4260,1,833.3731,60.1253,-831.2014,1916.9861
21.4580,0,43.3619,-17.4408,-39.6998,0.0000
21.4580,1,829.0260,59.6470,-826.8774,1906.6029
21.4920,0,43.3823,-17.4571,-39.7149,0.0000
21.4920,1,824.4427,59.2021,-822.3144,1895.6387
21.5240,0,43.3688,-17.4388,-39.7082,0.0000
21.5240,1,820.1620,58.8160,-818.0504,1885.3878
21.5580,0,43.3628,-17.4276,-39.7066,0.0000
21.5580,1,815.6465,58.3931,-813.5536,1874.5570
21.5920,0,43.3767,-17.4321,-39.7198,0.0000
21.5920,1,811.1614,57.9521,-809.0886,1863.8351
21.6240,0,43.3757,-17.4418,-39.7144,0.0000
21.6240,1,806.9690,57.5492,-804.9143,1853.8188
21.6580,0,43.3826,-17.4642,-39.7121,0.0000
21.6580,1,802.5486,57.1405,-800.5118,1843.2427
21.6640,0,43.3858,-17.4695,-39.7132,0.0000
21.6640,1,801.7708,57.0683,-799.7372,1841.3806
21.6920,0,43.4009,-17.4829,-39.7239,0.0000
21.6920,1,798.1575,56.7020,-796.1409,1832.7285
21.7240,0,43.4225,-17.5169,-39.7326,0.0000
21.7240,1,794.0543,56.3106,-792.0552,1822.8962
21.7580,0,43.4338,-17.5484,-39.7310,0.0000
21.7580,1,789.7258,55.8859,-787.7459,1812.5377
21.7920,0,43.4280,-17.5262,-39.7344,0.0000
21.7920,1,785.4278,55.4613,-783.4672,1802.2744
21.8240,0,43.4270,-17.5122,-39.7395,0.0000
21.8240,1,781.4100,55.0642,-779.4674,1792.6688
21.8580,0,43.4153,-17.5105,-39.7275,0.0000
21.8580,1,777.1712,54.6408,-775.2480,1782.5243
21.8920,0,43.4194,-17.5159,-39.7296,0.0000
21.8920,1,772.9648,54.2273,-771.0603,1772.4435
21.9240,0,43.4378,-17.5252,-39.7455,0.0000
21.9240,1,769.0325,53.8418,-767.1454,1763.0232
21.9580,0,43.4438,-17.5499,-39.7413,0.0000
21.9580,1,764.8843,53.4131,-763.0170,1753.1260
21.9900,0,43.4502,-17.5682,-39.7401,0.0000
21.9900,1,761.0052,53.0114,-759.1566,1743.8611
22.0240,0,43.4812,-17.6066,-39.7570,0.0000
22.0240,1,756.9148,52.6122,-755.0840,1734.0765
22.0580,0,43.4759,-17.6010,-39.7537,0.0000
22.0580,1,752.8528,52.1942,-751.0414,1724.3483
22.0920,0,43.4588,-17.5831,-39.7429,0.0000
22.0920,1,748.8185,51.7769,-747.0263,1714.6782
22.1260,0,43.4609,-17.5794,-39.7469,0.0000
22.1260,1,744.8144,51.3617,-743.0414,1705.1099
22.1580,0,43.4732,-17.5732,-39.7631,0.0000
22.1580,1,741.0725,50.9552,-739.3187,1696.1827
22.1900,0,43.4679,-17.5823,-39.7533,0.0000
22.1900,1,737.3568,50.5759,-735.6202,1687.3048
22.2240,0,43.4732,-17.5936,-39.7541,0.0000
22.2240,1,733.4348,50.1630,-731.7173,1677.9250
22.2600,0,43.4957,-17.6177,-39.7679,0.0000
22.2600,1,729.3126,49.7052,-727.6168,1668.0573
22.2900,0,43.5060,-17.6424,-39.7683,0.0000
22.2900,1,725.9036,49.3534,-724.2239,1659.8832
22.3240,0,43.5134,-17.6745,-39.7621,0.0000
22.3240,1,722.0632,48.9242,-720.4039,1650.7074
22.3580,0,43.5143,-17.6741,-39.7633,0.0000
22.3580,1,718.2528,48.5236,-716.6119,1641.6217
22.3900,0,43.5144,-17.6496,-39.7743,0.0000
22.3900,1,714.6913,48.1222,-713.0693,1633.1173
22.4240,0,43.5082,-17.6411,-39.7713,0.0000
22.4240,1,710.9332,47.7220,-709.3297,1624.1267
22.4580,0,43.4994,-17.6356,-39.7641,0.0000
22.4580,1,707.1996,47.2955,-705.6163,1615.1917
22.4920,0,43.5094,-17.6407,-39.7728,0.0000
22.4920,1,703.4985,46.8962,-701.9337,1606.3192
22.5240,0,43.5242,-17.6513,-39.7843,0.0000
22.5240,1,700.0363,46.5054,-698.4899,1598.0468
22.5580,0,43.5197,-17.6703,-39.7709,0.0000
22.5580,1,696.3875,46.1504,-694.8566,1589.3390
22.5900,0,43.5258,-17.6899,-39.7689,0.0000
22.5900,1,692.9807,45.8522,-691.4621,1581.2013
22.6260,0,43.5500,-17.7214,-39.7813,0.0000
22.6260,1,689.1749,45.5331,-687.6691,1572.0909
22.6580,0,43.5720,-17.7381,-39.7979,0.0000
22.6580,1,685.8145,45.2353,-684.3210,1564.0396
22.6900,0,43.5516,-17.7228,-39.7825,0.0000
22.6900,1,682.4778,44.9301,-680.9972,1556.0369
22.7260,0,43.5377,-17.6995,-39.7776,0.0000
22.7260,1,678.7526,44.6127,-677.2849,1547.1034
22.7580,0,43.5445,-17.6955,-39.7868,0.0000
22.7580,1,675.4640,44.3180,-674.0085,1539.2543
22.7900,0,43.5429,-17.6918,-39.7867,0.0000
22.7900,1,672.1999,44.0237,-670.7567,1531.4573
22.8240,0,43.5342,-17.6959,-39.7754,0.0000
22.8240,1,668.7512,43.6968,-667.3220,1523.2195
22.8600,0,43.5409,-17.7094,-39.7767,0.0000
22.8600,1,665.1304,43.3637,-663.7154,1514.5514
22.8900,0,43.5595,-17.7290,-39.7883,0.0000
22.8900,1,662.1347,43.1035,-660.7302,1507.3689
22.9260,0,43.5768,-17.7477,-39.7989,0.0000
22.9260,1,658.5638,42.7711,-657.1735,1498.8008
22.9580,0,43.5827,-17.7795,-39.7912,0.0000
22.9580,1,655.4107,42.4794,-654.0327,1491.2566
22.9920,0,43.5892,-17.7901,-39.7936,0.0000
22.9920,1,652.0855,42.1561,-650.7214,1483.3252
23.0240,0,43.5929,-17.7959,-39.7951,0.0000
23.0240,1,648.9783,41.8739,-647.6260,1475.9032
23.0580,0,43.5876,-17.7868,-39.7933,0.0000
23.0580,1,645.6995,41.5512,-644.3612,1468.0647
23.0920,0,43.6050,-17.8130,-39.8007,0.0000
23.0920,1,642.4445,41.2558,-641.1184,1460.2773
23.1240,0,43.6068,-17.8080,-39.8048,0.0000
23.1240,1,639.4023,40.9476,-638.0898,1452.9884
23.1580,0,43.5985,-17.7876,-39.8050,0.0000
23.1580,1,636.1933,40.6526,-634.8931,1445.2841
23.1920,0,43.6164,-17.8102,-39.8144,0.0000
23.1920,1,633.0059,40.3321,-631.7197,1437.6592
23.2240,0,43.6321,-17.8467,-39.8153,0.0000
23.2240,1,630.0294,40.0535,-628.7549,1430.5603
23.2580,0,43.6391,-17.8743,-39.8106,0.0000
23.2580,1,626.8859,39.7329,-625.6254,1423.0579
23.2900,0,43.6455,-17.9043,-39.8041,0.0000
23.2900,1,623.9505,39.4566,-622.7017,1416.0411
23.3240,0,43.6525,-17.9408,-39.7953,0.0000
23.3240,1,620.8527,39.1461,-619.6173,1408.6294
23.3580,0,43.6582,-17.9715,-39.7877,0.0000
23.3580,1,617.7759,38.8265,-616.5546,1401.2677
23.3920,0,43.6660,-18.0051,-39.7810,0.0000
23.3920,1,614.7207,38.5183,-613.5128,1393.9409
23.4240,0,43.6706,-18.0289,-39.7754,0.0000
23.4240,1,611.8677,38.2414,-610.6714,1387.0933
23.4580,0,43.6875,-18.0695,-39.7755,0.0000
23.4580,1,608.8560,37.9339,-607.6732,1379.9192
23.4900,0,43.7067,-18.1043,-39.7808,0.0000
23.4900,1,606.0414,37.6515,-604.8707,1373.2064
23.5260,0,43.7111,-18.0999,-39.7877,0.0000
23.5260,1,602.8992,37.3294,-601.7424,1365.7034
23.5580,0,43.7040,-18.0667,-39.7950,0.0000
23.5580,1,600.1255,37.0378,-598.9814,1359.0735
23.5900,0,43.7084,-18.0484,-39.8080,0.0000
23.5900,1,597.3682,36.7447,-596.2371,1352.4735
23.6260,0,43.7140,-18.0204,-39.8269,0.0000
23.6260,1,594.2921,36.4251,-593.1748,1345.1030
23.6580,0,43.7126,-18.0037,-39.8328,0.0000
23.6580,1,591.5759,36.1327,-590.4714,1338.5948
23.6900,0,43.6893,-17.9886,-39.8142,0.0000
23.6900,1,588.8790,35.8520,-587.7866,1332.1292
23.7240,0,43.6687,-17.9721,-39.7990,0.0000
23.7240,1,586.0333,35.5484,-584.9541,1325.3528
23.7580,0,43.6565,-17.9619,-39.7902,0.0000
23.7580,1,583.2078,35.2432,-582.1420,1318.6165
23.7920,0,43.6539,-17.9555,-39.7902,0.0000
23.7920,1,580.4039,34.9400,-579.3512,1311.9235
23.8240,0,43.6548,-17.9511,-39.7932,0.0000
23.8240,1,577.7809,34.6520,-576.7409,1305.6565
23.8580,0,43.6601,-17.9473,-39.8008,0.0000
23.8580,1,575.0165,34.3493,-573.9896,1299.0428
23.8900,0,43.6704,-17.9460,-39.8126,0.0000
23.8900,1,572.4304,34.0599,-571.4162,1292.8499
23.9240,0,43.6866,-17.9474,-39.8297,0.0000
23.9240,1,569.7046,33.7577,-568.7036,1286.3134
23.9580,0,43.7023,-17.9488,-39.8463,0.0000
23.9580,1,566.9951,33.4540,-566.0073,1279.8160
23.9900,0,43.6894,-17.9571,-39.8285,0.0000
23.9900,1,564.4645,33.1687,-563.4892,1273.7954
24.0240,0,43.6848,-17.9725,-39.8165,0.0000
24.0240,1,561.8008,32.9481,-560.8338,1267.4402
24.0600,0,43.6872,-17.9912,-39.8107,0.0000
24.0600,1,558.9984,32.7164,-558.0402,1260.7435
24.0920,0,43.6931,-18.0072,-39.8099,0.0000
24.0920,1,556.5292,32.5205,-555.5782,1254.8369
24.1260,0,43.7074,-18.0311,-39.8148,0.0000
24.1260,1,553.9223,32.3327,-552.9778,1248.5923
24.1580,0,43.7268,-18.0569,-39.8243,0.0000
24.1580,1,551.4855,32.1372,-550.5483,1242.7507
24.1900,0,43.7462,-18.0764,-39.8368,0.0000
24.1900,1,549.0658,31.9418,-548.1359,1236.9430
24.2240,0,43.7730,-18.1022,-39.8546,0.0000
24.2240,1,546.5116,31.7242,-545.5900,1230.8071
24.2560,0,43.8027,-18.1281,-39.8754,0.0000
24.2560,1,544.1248,31.5295,-543.2106,1225.0771
24.2900,0,43.8163,-18.1632,-39.8744,0.0000
24.2900,1,541.6076,31.3235,-540.7010,1219.0856
24.3260,0,43.8283,-18.2142,-39.8643,0.0000
24.3260,1,538.9622,31.1240,-538.0628,1212.7729
24.3580,0,43.7986,-18.1777,-39.8484,0.0000
24.3580,1,536.6264,30.9137,-535.7352,1207.1963
24.3900,0,43.7775,-18.1531,-39.8363,0.0000
24.3900,1,534.3067,30.7382,-533.4218,1201.6484
24.4240,0,43.7573,-18.1266,-39.8262,0.0000
24.4240,1,531.8615,30.5329,-530.9844,1195.7950
24.4560,0,43.7423,-18.1045,-39.8198,0.0000
24.4560,1,529.5740,30.3422,-528.7040,1190.3131
24.4900,0,43.7346,-18.0880,-39.8188,0.0000
24.4900,1,527.1616,30.1372,-526.2994,1184.5253
24.5240,0,43.7262,-18.0627,-39.8211,0.0000
24.5240,1,524.7651,29.9323,-523.9108,1178.7693
24.5580,0,43.7248,-18.0433,-39.8284,0.0000
24.5580,1,522.3881,29.7275,-521.5416,1173.0494
24.5920,0,43.7327,-18.0339,-39.8413,0.0000
24.5920,1,520.0268,29.5243,-519.1880,1167.4171
24.6240,0,43.7335,-18.0149,-39.8507,0.0000
24.6240,1,517.8193,29.3323,-516.9879,1162.1571
24.6560,0,43.7143,-18.0111,-39.8314,0.0000
24.6560,1,515.6276,29.1233,-514.8045,1156.9369
24.6900,0,43.6977,-18.0078,-39.8146,0.0000
24.6900,1,513.3149,28.9208,-512.4995,1151.4137
24.7240,0,43.6891,-18.0132,-39.8028,0.0000
24.7240,1,511.0190,28.7184,-510.2114,1145.9240
24.7580,0,43.6802,-18.0138,-39.7928,0.0000
24.7580,1,508.7403,28.5162,-507.9404,1140.4688
24.7900,0,43.6759,-18.0154,-39.7873,0.0000
24.7900,1,506.6101,28.3267,-505.8176,1135.3636
24.8240,0,43.6745,-18.0184,-39.7844,0.0000
24.8240,1,504.3615,28.1248,-503.5767,1129.9686
24.8560,0,43.6747,-18.0191,-39.7843,0.0000
24.8560,1,502.2621,27.9451,-501.4841,1124.9243
24.8900,0,43.6822,-18.0285,-39.7882,0.0000
24.8900,1,500.0459,27.7435,-499.2757,1119.5941
24.9240,0,43.6921,-18.0363,-39.7957,0.0000
24.9240,1,497.8461,27.5431,-497.0836,1114.3468
24.9560,0,43.7091,-18.0467,-39.8095,0.0000
24.9560,1,495.7896,27.3348,-495.0355,1109.4520
24.9920,0,43.7355,-18.0615,-39.8319,0.0000
24.9920,1,493.4930,27.1226,-492.7471,1103.9774
25.0240,0,43.7525,-18.0839,-39.8404,0.0000
25.0240,1,491.4670,26.9449,-490.7278,1099.1409
25.0560,0,43.7468,-18.1019,-39.8260,0.0000
25.0560,1,489.4536,26.7579,-488.7216,1094.3369
25.0900,0,43.7511,-18.1351,-39.8155,0.0000
25.0900,1,487.3305,26.5586,-486.6063,1089.2584
25.1220,0,43.7528,-18.1589,-39.8065,0.0000
25.1220,1,485.3449,26.3508,-484.6290,1084.5057
25.1580,0,43.7583,-18.1874,-39.7996,0.0000
25.1580,1,483.1274,26.1393,-482.4198,1079.1863
25.1900,0,43.7677,-18.2171,-39.7964,0.0000
25.1900,1,481.1707,25.9527,-480.4703,1074.4896
25.2240,0,43.7796,-18.2475,-39.7955,0.0000
25.2240,1,479.1074,25.7633,-478.4142,1069.5298
25.2560,0,43.7930,-18.2761,-39.7971,0.0000
25.2560,1,477.1787,25.5752,-476.4928,1064.8892
25.2900,0,43.8140,-18.3081,-39.8056,0.0000
25.2900,1,475.1437,25.3587,-474.4665,1060.0497
25.3260,0,43.8314,-18.3260,-39.8165,0.0000
25.3260,1,473.0051,25.1589,-472.3356,1054.9592
25.3580,0,43.8259,-18.2942,-39.8250,0.0000
25.3580,1,471.1169,24.9741,-470.4545,1050.4607
25.3900,0,43.8242,-18.2614,-39.8382,0.0000
25.3900,1,469.2419,24.7685,-468.5877,1045.9901
25.4220,0,43.8241,-18.2346,-39.8504,0.0000
25.4220,1,467.3814,24.5935,-466.7339,1041.5464
25.4560,0,43.7965,-18.2200,-39.8267,0.0000
25.4560,1,465.4167,24.3949,-464.7769,1036.8501
25.4900,0,43.7689,-18.2009,-39.8051,0.0000
25.4900,1,463.4658,24.1794,-462.8346,1032.1891
25.5240,0,43.7430,-18.1835,-39.7845,0.0000
25.5240,1,461.5300,23.9924,-460.9059,1027.5496
25.5560,0,43.7201,-18.1669,-39.7669,0.0000
25.5560,1,459.7197,23.8065,-459.1029,1023.2070
25.5920,0,43.6982,-18.1514,-39.7499,0.0000
25.5920,1,457.6973,23.5789,-457.0895,1018.3517
25.6240,0,43.6797,-18.1368,-39.7363,0.0000
25.6240,1,455.9151,23.4045,-455.3140,1014.0644
25.6560,0,43.6643,-18.1234,-39.7255,0.0000
25.6560,1,454.1437,23.2191,-453.5498,1009.8152
25.6900,0,43.6497,-18.1052,-39.7177,0.0000
25.6900,1,452.2732,23.0053,-451.6877,1005.3735
25.7240,0,43.6454,-18.0967,-39.7168,0.0000
25.7240,1,450.4193,22.8202,-449.8408,1000.9627
25.7560,0,43.6488,-18.0939,-39.7218,0.0000
25.7560,1,448.6848,22.6360,-448.1135,996.8331
25.7900,0,43.6562,-18.0903,-39.7317,0.0000
25.7900,1,446.8534,22.4320,-446.2900,992.4688
25.8240,0,43.6679,-18.0886,-39.7453,0.0000
25.8240,1,445.0371,22.2358,-444.4813,988.1311
25.8580,0,43.6857,-18.0913,-39.7637,0.0000
25.8580,1,443.2330,22.0320,-442.6851,983.8215
25.8900,0,43.7016,-18.0882,-39.7824,0.0000
25.8900,1,441.5476,21.8499,-441.0066,979.7896
25.9240,0,43.7234,-18.0880,-39.8065,0.0000
25.9240,1,439.7700,21.6636,-439.2361,975.5317
25.9580,0,43.7182,-18.1003,-39.7952,0.0000
25.9580,1,438.0031,21.4506,-437.4776,971.3040
25.9900,0,43.7044,-18.1048,-39.7781,0.0000
25.9900,1,436.3537,21.2670,-435.8351,967.3442
26.0240,0,43.6948,-18.1157,-39.7625,0.0000
26.0240,1,434.6117,21.0637,-434.1010,963.1589
26.0560,0,43.6893,-18.1316,-39.7492,0.0000
26.0560,1,432.9854,20.8802,-432.4816,959.2453
26.0900,0,43.6837,-18.1451,-39.7369,0.0000
26.0900,1,431.2684,20.6776,-430.7724,955.1407
26.1000,0,43.6784,-18.1408,-39.7331,0.0000
26.1000,1,430.7665,20.6176,-430.2728,953.9496
26.1280,0,43.6831,-18.1608,-39.7290,0.0000
26.1280,1,429.3644,20.4594,-428.8767,950.6208
26.1580,0,43.6851,-18.1710,-39.7266,0.0000
26.1580,1,427.8723,20.2815,-427.3913,947.0748
26.2260,0,43.7130,-18.2105,-39.7392,0.0000
26.2260,1,424.5230,19.8857,-424.0570,939.1025
26.2580,0,43.7282,-18.2264,-39.7486,0.0000
26.2580,1,422.9699,19.7944,-422.5065,935.3891
26.2900,0,43.7539,-18.2553,-39.7637,0.0000
26.2900,1,421.4268,19.6954,-420.9663,931.6962
26.3260,0,43.7835,-18.2827,-39.7836,0.0000
26.3260,1,419.7033,19.5917,-419.2458,927.5663
26.3600,0,43.8159,-18.3118,-39.8059,0.0000
26.3600,1,418.0869,19.4904,-417.6324,923.6889
26.3940,0,43.8501,-18.3391,-39.8310,0.0000
26.3940,1,416.4826,19.3797,-416.0315,919.8362
26.4260,0,43.8557,-18.3776,-39.8194,0.0000
26.4260,1,414.9823,19.2905,-414.5337,916.2284
26.4620,0,43.8549,-18.4132,-39.8021,0.0000
26.4620,1,413.3074,19.1776,-412.8622,912.2029
26.4900,0,43.8582,-18.4483,-39.7895,0.0000
26.4900,1,412.0146,19.0994,-411.5716,909.0860
26.5240,0,43.8576,-18.4798,-39.7742,0.0000
26.5240,1,410.4547,18.9985,-410.0148,905.3217
26.5580,0,43.8632,-18.5200,-39.7617,0.0000
26.5580,1,408.9049,18.8981,-408.4679,901.6080
26.5900,0,43.8377,-18.4935,-39.7459,0.0000
26.5900,1,407.4553,18.8007,-407.0213,898.1637
26.6260,0,43.8164,-18.4698,-39.7334,0.0000
26.6260,1,405.8388,18.6987,-405.4078,894.3134
26.6580,0,43.7996,-18.4463,-39.7258,0.0000
26.6580,1,404.4104,18.5996,-403.9825,890.9116
26.6900,0,43.7824,-18.4166,-39.7206,0.0000
26.6900,1,402.9927,18.5024,-402.5678,887.5310
26.7260,0,43.7716,-18.3945,-39.7189,0.0000
26.7260,1,401.4096,18.4006,-400.9877,883.7508
26.7600,0,43.7662,-18.3781,-39.7206,0.0000
26.7600,1,399.9250,18.3012,-399.5060,880.2019
26.7900,0,43.7591,-18.3557,-39.7231,0.0000
26.7900,1,398.6244,18.2047,-398.2085,877.0901
26.8240,0,43.7591,-18.3409,-39.7300,0.0000
26.8240,1,397.1607,18.1054,-396.7478,873.5832
26.8560,0,43.7555,-18.3167,-39.7371,0.0000
26.8560,1,395.7912,18.0162,-395.3809,870.2985
26.8900,0,43.7633,-18.3084,-39.7496,0.0000
26.8900,1,394.3470,17.9075,-393.9402,866.8315
26.9260,0,43.7647,-18.2834,-39.7626,0.0000
26.9260,1,392.8298,17.8061,-392.4260,863.1833
26.9580,0,43.7762,-18.2765,-39.7785,0.0000
26.9580,1,391.4914,17.7093,-391.0906,859.9615
26.9900,0,43.7824,-18.2565,-39.7944,0.0000
26.9900,1,390.1615,17.6204,-389.7634,856.7559
27.0260,0,43.7970,-18.2452,-39.8157,0.0000
27.0260,1,388.6767,17.5096,-388.2821,853.1733
27.0620,0,43.8122,-18.2314,-39.8387,0.0000
27.0620,1,387.2029,17.4008,-386.8117,849.6192
27.0960,0,43.8018,-18.2287,-39.8286,0.0000
27.0960,1,385.8215,17.3029,-385.4333,846.3420
27.1300,0,43.7842,-18.2213,-39.8126,0.0000
27.1300,1,384.4480,17.2051,-384.0628,843.0806
27.1580,0,43.7779,-18.2258,-39.8036,0.0000
27.1580,1,383.3268,17.1199,-382.9442,840.4148
27.1920,0,43.7704,-18.2279,-39.7943,0.0000
27.1920,1,381.9739,17.0222,-381.5944,837.1947
27.2240,0,43.7661,-18.2307,-39.7884,0.0000
27.2240,1,380.7077,16.9249,-380.3313,834.1787
27.2580,0,43.7630,-18.2321,-39.7843,0.0000
27.2580,1,379.3730,16.8272,-378.9996,830.9948
27.2900,0,43.7641,-18.2378,-39.7829,0.0000
27.2900,1,378.1245,16.7300,-377.7542,828.0143
27.3260,0,43.7687,-18.2424,-39.7859,0.0000
27.3260,1,376.7330,16.6303,-376.3658,824.6863
27.3580,0,43.7740,-18.2493,-39.7885,0.0000
27.3580,1,375.5026,16.5350,-375.1384,821.7419
27.3900,0,43.7841,-18.2614,-39.7941,0.0000
27.3900,1,374.2817,16.4379,-373.9206,818.8163
27.4280,0,43.7951,-18.2710,-39.8018,0.0000
27.4280,1,372.8425,16.3284,-372.4847,815.3631
27.4660,0,43.8096,-18.2826,-39.8124,0.0000
27.4660,1,371.4132,16.2190,-371.0589,811.9299
27.4920,0,43.8178,-18.2854,-39.8201,0.0000
27.4920,1,370.4440,16.1441,-370.0921,809.5984
27.5280,0,43.8373,-18.3012,-39.8343,0.0000
27.5280,1,369.1096,16.0369,-368.7610,806.3854
27.5600,0,43.8513,-18.3068,-39.8472,0.0000
27.5600,1,367.9298,15.9401,-367.5844,803.5392
27.5920,0,43.8704,-18.3193,-39.8625,0.0000
27.5920,1,366.7612,15.8528,-366.4184,800.7176
27.6280,0,43.8969,-18.3386,-39.8827,0.0000
27.6280,1,365.4558,15.7458,-365.1165,797.5627
27.6600,0,43.9187,-18.3502,-39.9014,0.0000
27.6600,1,364.3010,15.6495,-363.9647,794.7961
27.6920,0,43.9210,-18.3626,-39.8982,0.0000
27.6920,1,363.1557,15.5631,-362.8221,792.0824
27.7240,0,43.9207,-18.3929,-39.8840,0.0000
27.7240,1,362.0186,15.4673,-361.6880,789.3923
27.7580,0,43.9202,-18.4202,-39.8708,0.0000
27.7580,1,360.8201,15.3807,-360.4921,786.5452
27.7960,0,43.9201,-18.4479,-39.8578,0.0000
27.7960,1,359.4884,15.2536,-359.1646,783.3813
27.8280,0,43.9237,-18.4742,-39.8497,0.0000
27.8280,1,358.3747,15.1578,-358.0540,780.7314
27.8620,0,43.9305,-18.5046,-39.8430,0.0000
27.8620,1,357.2029,15.0618,-356.8852,777.9385
27.8940,0,43.9400,-18.5355,-39.8391,0.0000
27.8940,1,356.1039,14.9661,-355.7893,775.3182
27.9260,0,43.9496,-18.5637,-39.8367,0.0000
27.9260,1,355.0152,14.8800,-354.7032,772.7177
27.9580,0,43.9587,-18.5888,-39.8349,0.0000
27.9580,1,353.9352,14.7844,-353.6263,770.1353
27.9940,0,43.9761,-18.6273,-39.8362,0.0000
27.9940,1,352.7251,14.6787,-352.4195,767.2397
28.0260,0,43.9888,-18.6539,-39.8378,0.0000
28.0260,1,351.6585,14.5832,-351.3560,764.6842
28.0600,0,44.0073,-18.6891,-39.8416,0.0000
28.0600,1,350.5335,14.4856,-350.2341,761.9851
28.0920,0,44.0291,-18.7278,-39.8475,0.0000
28.0920,1,349.4820,14.3919,-349.1855,759.4597
28.1280,0,44.0286,-18.7215,-39.8500,0.0000
28.1280,1,348.3077,14.2941,-348.0143,756.6351
28.1580,0,44.0128,-18.6874,-39.8486,0.0000
28.1580,1,347.3355,14.2008,-347.0451,754.2952
28.1900,0,44.0011,-18.6578,-39.8494,0.0000
28.1900,1,346.3053,14.1054,-346.0179,751.8123
28.2260,0,43.9874,-18.6223,-39.8510,0.0000
28.2260,1,345.1555,14.0077,-344.8711,749.0369
28.2600,0,43.9741,-18.5863,-39.8532,0.0000
28.2600,1,344.0783,13.9026,-343.7973,746.4341
28.2900,0,43.9654,-18.5584,-39.8565,0.0000
28.2900,1,343.1304,13.8172,-342.8521,744.1420
28.3240,0,43.9574,-18.5281,-39.8618,0.0000
28.3240,1,342.0690,13.7219,-341.7937,741.5853
28.3600,0,43.9504,-18.4919,-39.8708,0.0000
28.3600,1,340.9507,13.6155,-340.6787,738.9421
28.3920,0,43.9532,-18.4685,-39.8848,0.0000
28.3920,1,339.9635,13.5228,-339.6944,736.6064
28.4260,0,43.9603,-18.4445,-39.9037,0.0000
28.4260,1,338.9247,13.4263,-338.6586,734.1445
28.4580,0,43.9519,-18.4225,-39.9046,0.0000
28.4580,1,337.9506,13.3336,-337.6874,731.8350
28.4960,0,43.9250,-18.4092,-39.8812,0.0000
28.4960,1,336.8051,13.2254,-336.5453,729.1147
28.5280,0,43.8997,-18.3908,-39.8618,0.0000
28.5280,1,335.8466,13.1310,-335.5898,726.8429
28.5600,0,43.8792,-18.3798,-39.8443,0.0000
28.5600,1,334.8934,13.0366,-334.6396,724.5752
28.5940,0,43.8565,-18.3655,-39.8259,0.0000
28.5940,1,333.8909,12.9421,-333.6400,722.1859
28.6260,0,43.8369,-18.3520,-39.8105,0.0000
28.6260,1,332.9514,12.8477,-332.7034,719.9455
28.6600,0,43.8165,-18.3386,-39.7942,0.0000
28.6600,1,331.9617,12.7532,-331.7166,717.5818
28.6940,0,43.7945,-18.3190,-39.7790,0.0000
28.6940,1,330.9791,12.6492,-330.7373,715.2330
28.7280,0,43.7765,-18.3063,-39.7651,0.0000
28.7280,1,330.0006,12.5529,-329.7618,712.8886
28.7560,0,43.7632,-18.2955,-39.7554,0.0000
28.7560,1,329.2043,12.4704,-328.9680,710.9797
28.7900,0,43.7477,-18.2835,-39.7439,0.0000
28.7900,1,328.2388,12.3760,-328.0054,708.6646
28.8220,0,43.7358,-18.2739,-39.7352,0.0000
28.8220,1,327.3409,12.2818,-327.1104,706.5075
28.8560,0,43.7230,-18.2631,-39.7261,0.0000
28.8560,1,326.3894,12.1875,-326.1618,704.2200
28.8880,0,43.7140,-18.2542,-39.7203,0.0000
28.8880,1,325.5044,12.0934,-325.2796,702.0887
28.9220,0,43.7067,-18.2489,-39.7147,0.0000
28.9220,1,324.5661,11.9895,-324.3446,699.8286
28.9560,0,43.6961,-18.2341,-39.7097,0.0000
28.9560,1,323.6378,11.8952,-323.4192,697.5875
28.9900,0,43.6899,-18.2264,-39.7065,0.0000
28.9900,1,322.7146,11.7992,-322.4989,695.3569
29.0220,0,43.6855,-18.2190,-39.7050,0.0000
29.0220,1,321.8516,11.7052,-321.6387,693.2695
29.0600,0,43.6845,-18.2164,-39.7051,0.0000
29.0600,1,320.8354,11.5992,-320.6256,690.8075
29.0920,0,43.6811,-18.2072,-39.7056,0.0000
29.0920,1,319.9843,11.5052,-319.7774,688.7440
29.1220,0,43.6835,-18.2031,-39.7101,0.0000
29.1220,1,319.1938,11.4137,-318.9896,686.8700
29.1560,0,43.6864,-18.1940,-39.7175,0.0000
29.1560,1,318.3004,11.3184,-318.0991,684.7637
29.1920,0,43.7007,-18.1980,-39.7314,0.0000
29.1920,1,317.3666,11.2056,-317.1687,682.5588
29.2220,0,43.7122,-18.1943,-39.7457,0.0000
29.2220,1,316.5887,11.1315,-316.3930,680.7206
29.2560,0,43.7335,-18.2017,-39.7658,0.0000
29.2560,1,315.7192,11.0190,-315.5269,678.6631
29.2900,0,43.7556,-18.2060,-39.7881,0.0000
29.2900,1,314.8511,10.9333,-314.6612,676.6068
29.3220,0,43.7455,-18.2120,-39.7743,0.0000
29.3220,1,314.0450,10.8322,-313.8582,674.6948
29.3580,0,43.7336,-18.2304,-39.7527,0.0000
29.3580,1,313.1379,10.7273,-312.9541,672.5425
29.3900,0,43.7184,-18.2351,-39.7338,0.0000
29.3900,1,312.3437,10.6341,-312.1626,670.6534
29.4220,0,43.7074,-18.2479,-39.7158,0.0000
29.4220,1,311.5482,10.5409,-311.3698,668.7620
29.4580,0,43.6934,-18.2591,-39.6953,0.0000
29.4580,1,310.6660,10.4551,-310.4900,666.6647
29.4900,0,43.6822,-18.2717,-39.6772,0.0000
29.4900,1,309.8836,10.3619,-309.7103,664.7994
29.5260,0,43.6701,-18.2839,-39.6582,0.0000
29.5260,1,309.0142,10.2571,-308.8439,662.7224
29.5600,0,43.6601,-18.2970,-39.6413,0.0000
29.5600,1,308.1938,10.1447,-308.0268,660.7632
29.5940,0,43.6510,-18.3104,-39.6250,0.0000
29.5940,1,307.3853,10.0592,-307.2206,658.8260
29.6240,0,43.6479,-18.3291,-39.6129,0.0000
29.6240,1,306.6718,9.9585,-306.5101,657.1180
29.6600,0,43.6379,-18.3393,-39.5972,0.0000
29.6600,1,305.8272,9.8728,-305.6678,655.0894
29.6940,0,43.6335,-18.3549,-39.5851,0.0000
29.6940,1,305.0291,9.7605,-304.8729,653.1745
29.7220,0,43.6291,-18.3667,-39.5748,0.0000
29.7220,1,304.3825,9.6791,-304.2286,651.6182
29.7600,0,43.6230,-18.3788,-39.5625,0.0000
29.7600,1,303.5053,9.5743,-303.3543,649.5064
29.7900,0,43.6245,-18.3992,-39.5545,0.0000
29.7900,1,302.8214,9.5005,-302.6723,647.8559
29.8220,0,43.6254,-18.4197,-39.5461,0.0000
29.8220,1,302.0933,9.4075,-301.9467,646.0988
29.8560,0,43.6207,-18.4261,-39.5379,0.0000
29.8560,1,301.3243,9.2953,-301.1809,644.2422
29.8900,0,43.6277,-18.4549,-39.5322,0.0000
29.8900,1,300.5651,9.2099,-300.4240,642.4034
29.9220,0,43.6279,-18.4662,-39.5271,0.0000
29.9220,1,299.8501,9.1092,-299.7117,640.6730
29.9560,0,43.6360,-18.4929,-39.5236,0.0000
29.9560,1,299.1024,9.0239,-298.9663,638.8573
29.9880,0,43.6374,-18.5046,-39.5197,0.0000
29.9880,1,298.3976,8.9309,-298.2639,637.1469
30.0220,0,43.6439,-18.5247,-39.5175,0.0000
30.0220,1,297.6584,8.8188,-297.5277,635.3494
30.0560,0,43.6536,-18.5485,-39.5170,0.0000
30.0560,1,296.9233,8.7339,-296.7949,633.6008
30.0900,0,43.6606,-18.5594,-39.5195,0.0000
30.0900,1,296.1926,8.6413,-296.0666,631.8842
30.1220,0,43.6843,-18.5953,-39.5288,0.0000
30.1220,1,295.5106,8.5489,-295.3869,630.2803
30.1560,0,43.7008,-18.6114,-39.5395,0.0000
30.1560,1,294.7896,8.4373,-294.6689,628.5842
30.1900,0,43.7323,-18.6500,-39.5562,0.0000
30.1900,1,294.0775,8.3526,-293.9588,626.9040
30.2240,0,43.7567,-18.6721,-39.5728,0.0000
30.2240,1,293.3652,8.2410,-293.2494,625.2252
30.2560,0,43.7864,-18.7012,-39.5918,0.0000
30.2560,1,292.7045,8.1487,-292.5911,623.6638
30.2920,0,43.8211,-18.7336,-39.6149,0.0000
30.2920,1,291.9633,8.0639,-291.8520,621.9103
30.3240,0,43.8541,-18.7640,-39.6370,0.0000
30.3240,1,291.3112,7.9715,-291.2021,620.3627
30.3560,0,43.8907,-18.7993,-39.6609,0.0000
30.3560,1,290.6626,7.8792,-290.5558,618.8254
30.3900,0,43.8797,-18.7439,-39.6749,0.0000
30.3900,1,289.9739,7.7677,-289.8698,617.1935
30.4220,0,43.8832,-18.7132,-39.6932,0.0000
30.4220,1,289.3385,7.6754,-289.2367,615.6825
30.4580,0,43.8837,-18.6736,-39.7124,0.0000
30.4580,1,288.6223,7.5716,-288.5230,613.9799
30.4900,0,43.8848,-18.6394,-39.7297,0.0000
30.4900,1,287.9915,7.4984,-287.8939,612.4771
30.5220,0,43.8892,-18.6097,-39.7484,0.0000
30.5220,1,287.3676,7.4061,-287.2722,610.9891
30.5580,0,43.8867,-18.5601,-39.7689,0.0000
30.5580,1,286.6643,7.3023,-286.5713,609.3121
30.5900,0,43.8964,-18.5380,-39.7899,0.0000
30.5900,1,286.0498,7.2101,-285.9589,607.8427
30.6220,0,43.8838,-18.5048,-39.7915,0.0000
30.6220,1,285.4367,7.1178,-285.3479,606.3761
30.6560,0,43.8689,-18.4706,-39.7909,0.0000
30.6560,1,284.7882,7.0255,-284.7016,604.8299
30.6900,0,43.8486,-18.4406,-39.7825,0.0000
30.6900,1,284.1485,6.9410,-284.0638,603.2944
30.7220,0,43.8276,-18.4101,-39.7734,0.0000
30.7220,1,283.5472,6.8410,-283.4647,601.8516
30.7560,0,43.8021,-18.3776,-39.7604,0.0000
30.7560,1,282.9149,6.7374,-282.8346,600.3317
30.7900,0,43.7796,-18.3438,-39.7512,0.0000
30.7900,1,282.2864,6.6451,-282.2082,598.8189
30.8220,0,43.7576,-18.3222,-39.7369,0.0000
30.8220,1,281.6985,6.6323,-281.6205,597.3992
30.8560,0,43.7242,-18.2902,-39.7149,0.0000
30.8560,1,281.0842,6.6306,-281.0060,595.9107
30.8900,0,43.6924,-18.2616,-39.6931,0.0000
30.8900,1,280.4706,6.6290,-280.3923,594.4238
30.9240,0,43.6609,-18.2331,-39.6715,0.0000
30.9240,1,279.8609,6.6274,-279.7824,592.9447
30.9560,0,43.6370,-18.2137,-39.6541,0.0000
30.9560,1,279.2942,6.6259,-279.2156,591.5668
30.9900,0,43.6082,-18.1863,-39.6349,0.0000
30.9900,1,278.6926,6.6243,-278.6139,590.1038
31.0220,0,43.5827,-18.1635,-39.6174,0.0000
31.0220,1,278.1319,6.6228,-278.0530,588.7379
31.0560,0,43.5560,-18.1371,-39.6002,0.0000
31.0560,1,277.5423,6.6213,-277.4633,587.2990
31.0900,0,43.5279,-18.1073,-39.5829,0.0000
31.0900,1,276.9522,6.6197,-276.8730,585.8590
31.1260,0,43.5028,-18.0842,-39.5658,0.0000
31.1260,1,276.3361,6.6181,-276.2569,584.3519
31.1580,0,43.4779,-18.0557,-39.5515,0.0000
31.1580,1,275.7925,6.6166,-275.7132,583.0204
31.1900,0,43.4547,-18.0305,-39.5375,0.0000
31.1900,1,275.2491,6.6152,-275.1696,581.6889
31.2220,0,43.4372,-18.0140,-39.5258,0.0000
31.2220,1,274.7119,6.6140,-274.6323,580.4044
31.2580,0,43.4192,-17.9912,-39.5163,0.0000
31.2580,1,274.1140,6.6242,-274.0340,579.0018
31.2900,0,43.4052,-17.9674,-39.5118,0.0000
31.2900,1,273.5818,6.6231,-273.5016,577.7540
31.3240,0,43.3971,-17.9459,-39.5127,0.0000
31.3240,1,273.0241,6.6220,-272.9438,576.4437
31.3580,0,43.3904,-17.9305,-39.5123,0.0000
31.3580,1,272.4718,6.6209,-272.3914,575.1443
31.3900,0,43.3919,-17.9193,-39.5190,0.0000
31.3900,1,271.9510,6.6199,-271.8704,573.9192
31.4240,0,43.3899,-17.9031,-39.5242,0.0000
31.4240,1,271.4046,6.6188,-271.3239,572.6315
31.4560,0,43.3950,-17.8960,-39.5330,0.0000
31.4560,1,270.8944,6.6178,-270.8135,571.4276
31.4920,0,43.3979,-17.8820,-39.5425,0.0000
31.4920,1,270.3223,6.6166,-270.2413,570.0772
31.5240,0,43.3993,-17.8646,-39.5520,0.0000
31.5240,1,269.8185,6.6156,-269.7373,568.8860
31.5580,0,43.4044,-17.8513,-39.5635,0.0000
31.5580,1,269.2891,6.6146,-269.2078,567.6324
31.5900,0,43.4136,-17.8460,-39.5760,0.0000
31.5900,1,268.7920,6.6136,-268.7106,566.4548
31.6240,0,43.4201,-17.8335,-39.5888,0.0000
31.6240,1,268.2655,6.6126,-268.1840,565.2070
31.6580,0,43.4291,-17.8220,-39.6038,0.0000
31.6580,1,267.7482,6.6115,-267.6665,563.9775
31.6900,0,43.4354,-17.8067,-39.6177,0.0000
31.6900,1,267.2613,6.6105,-267.1795,562.8203
31.7240,0,43.4445,-17.7951,-39.6329,0.0000
31.7240,1,266.7452,6.6095,-266.6633,561.5931
31.7600,0,43.4578,-17.7855,-39.6517,0.0000
31.7600,1,266.2101,6.6085,-266.1281,560.3167
31.7900,0,43.4689,-17.7782,-39.6671,0.0000
31.7900,1,265.7643,6.6076,-265.6821,559.2532
31.8260,0,43.4841,-17.7721,-39.6865,0.0000
31.8260,1,265.2286,6.6065,-265.1463,557.9753
31.8600,0,43.4989,-17.7630,-39.7067,0.0000
31.8600,1,264.7330,6.6055,-264.6506,556.7894
31.8900,0,43.5088,-17.7490,-39.7239,0.0000
31.8900,1,264.2980,6.6160,-264.2151,555.7468
31.9240,0,43.5276,-17.7477,-39.7450,0.0000
31.9240,1,263.8047,6.6150,-263.7218,554.5654
31.9580,0,43.5434,-17.7391,-39.7662,0.0000
31.9580,1,263.3155,6.6140,-263.2324,553.3920
31.9900,0,43.5500,-17.7269,-39.7789,0.0000
31.9900,1,262.8625,6.6131,-262.7793,552.3029
32.0240,0,43.5534,-17.7282,-39.7820,0.0000
32.0240,1,262.3808,6.6121,-262.2975,551.1445
32.0580,0,43.5596,-17.7224,-39.7914,0.0000
32.0580,1,261.8994,6.6112,-261.8160,549.9869
32.0900,0,43.5588,-17.7190,-39.7920,0.0000
32.0900,1,261.4550,6.6103,-261.3714,548.9146
